{
  "resourceType": "ValueSet",
  "text": {
    "status": "generated",
    "div": "<div><h2>CodeSelectionMode</h2><p>The way in which the code is selected</p><p>This value set defines its own terms in the system http://hl7.org/fhir/code-selection-mode</p><table><tr><td><b>Code</b></td><td><b>Display</b></td><td><b>Definition</b></td></tr><tr><td>code<a name=\"code\"> </a></td><td/><td>Only this code is selected.</td></tr><tr><td>children<a name=\"children\"> </a></td><td/><td>Only the immediate children (codes with a is-a relationship) are selected, but not this code itself.</td></tr><tr><td>descendants<a name=\"descendants\"> </a></td><td/><td>All descendants of this code are selected, but not this code itself.</td></tr><tr><td>all<a name=\"all\"> </a></td><td/><td>This code and any descendants are selected.</td></tr><tr><td>system<a name=\"system\"> </a></td><td/><td>All codes from the specified code system.</td></tr></table></div>"
  },
  "identifier": "http://hl7.org/fhir/vs/code-selection-mode",
  "name": "CodeSelectionMode",
  "publisher": "HL7 (FHIR Project)",
  "telecom": [
    {
      "system": "url",
      "value": "http://hl7.org/fhir"
    },
    {
      "system": "email",
      "value": "fhir@lists.hl7.org"
    }
  ],
  "description": "The way in which the code is selected",
  "status": "draft",
  "date": "2014-01-22T23:46:10.705-06:00",
  "define": {
    "system": "http://hl7.org/fhir/code-selection-mode",
    "caseSensitive": true,
    "concept": [
      {
        "code": "code",
        "definition": "Only this code is selected."
      },
      {
        "code": "children",
        "definition": "Only the immediate children (codes with a is-a relationship) are selected, but not this code itself."
      },
      {
        "code": "descendants",
        "definition": "All descendants of this code are selected, but not this code itself."
      },
      {
        "code": "all",
        "definition": "This code and any descendants are selected."
      },
      {
        "code": "system",
        "definition": "All codes from the specified code system."
      }
    ]
  }
}