{
  "resourceType": "ConceptMap",
  "text": {
    "status": "generated",
    "div": "<div><h2>v2 map for ContactSystem (http://hl7.org/fhir/cm/v2/contact-system)</h2><p>Mapping from <a href=\"contact-system.html\">http://hl7.org/fhir/vs/contact-system</a> to <a href=\"v2/0202/index.html\">http://hl7.org/fhir/v2/vs/0202</a></p><p>Draft. Published on 22-Jan 2014 23:46 by HL7 (FHIR Project) (<a href=\"http://hl7.org/fhir\">http://hl7.org/fhir</a>, <a href=\"mailto:fhir@lists.hl7.org\">fhir@lists.hl7.org</a>). </p><p>v2 Map (0202)</p><br/><table class=\"grid\"><tr><td><b>Source Code</b></td><td><b>Equivalence</b></td><td><b>Destination Code</b></td><td><b>Comments</b></td></tr><tr><td>phone</td><td>equivalent</td><td>PH (Telephone)</td><td/></tr><tr><td>fax</td><td>equivalent</td><td>FX (Fax)</td><td/></tr><tr><td>email</td><td>wider</td><td>Internet (Internet Address)</td><td>use mailto: protocol</td></tr><tr><td>url</td><td>wider</td><td>Internet (Internet Address)</td><td/></tr></table></div>"
  },
  "identifier": "http://hl7.org/fhir/cm/v2/contact-system",
  "name": "v2 map for ContactSystem",
  "publisher": "HL7 (FHIR Project)",
  "telecom": [
    {
      "system": "url",
      "value": "http://hl7.org/fhir"
    },
    {
      "system": "email",
      "value": "fhir@lists.hl7.org"
    }
  ],
  "description": "v2 Map (0202)",
  "status": "draft",
  "date": "2014-01-22T23:46:18.069-06:00",
  "source": {
    "reference": "http://hl7.org/fhir/vs/contact-system"
  },
  "target": {
    "reference": "http://hl7.org/fhir/v2/vs/0202"
  },
  "concept": [
    {
      "system": "http://hl7.org/fhir/contact-system",
      "code": "phone",
      "map": [
        {
          "system": "http://hl7.org/fhir/v2/0202",
          "code": "PH",
          "equivalence": "equivalent"
        }
      ]
    },
    {
      "system": "http://hl7.org/fhir/contact-system",
      "code": "fax",
      "map": [
        {
          "system": "http://hl7.org/fhir/v2/0202",
          "code": "FX",
          "equivalence": "equivalent"
        }
      ]
    },
    {
      "system": "http://hl7.org/fhir/contact-system",
      "code": "email",
      "map": [
        {
          "system": "http://hl7.org/fhir/v2/0202",
          "code": "Internet",
          "equivalence": "wider",
          "comments": "use mailto: protocol"
        }
      ]
    },
    {
      "system": "http://hl7.org/fhir/contact-system",
      "code": "url",
      "map": [
        {
          "system": "http://hl7.org/fhir/v2/0202",
          "code": "Internet",
          "equivalence": "wider"
        }
      ]
    }
  ]
}