{
  "resourceType": "ValueSet",
  "text": {
    "status": "generated",
    "div": "<div><h2>QuestionnaireStatus</h2><p>Lifecycle status of the questionnaire</p><p>This value set defines its own terms in the system http://hl7.org/fhir/questionnaire-status</p><table><tr><td><b>Code</b></td><td><b>Display</b></td><td><b>Definition</b></td></tr><tr><td>draft<a name=\"draft\"> </a></td><td>draft</td><td>This Questionnaire is used as a template but the template is not ready for use or publication.</td></tr><tr><td>published<a name=\"published\"> </a></td><td>published</td><td>This Questionnaire is used as a template, is published and ready for use.</td></tr><tr><td>retired<a name=\"retired\"> </a></td><td>retired</td><td>This Questionnaire is used as a template but should no longer be used for new Questionnaires.</td></tr><tr><td>in progress<a name=\"inprogress\"> </a></td><td>in progress</td><td>This Questionnaire has been filled out with answers, but changes or additions are still expected to be made to it.</td></tr><tr><td>completed<a name=\"completed\"> </a></td><td>complete</td><td>This Questionnaire has been filled out with answers, and the current content is regarded as definitive.</td></tr><tr><td>amended<a name=\"amended\"> </a></td><td>amended</td><td>This Questionnaire has been filled out with answers, then marked as complete, yet changes or additions have been made to it afterwards.</td></tr></table></div>"
  },
  "identifier": "http://hl7.org/fhir/vs/questionnaire-status",
  "name": "QuestionnaireStatus",
  "publisher": "HL7 (FHIR Project)",
  "telecom": [
    {
      "system": "url",
      "value": "http://hl7.org/fhir"
    },
    {
      "system": "email",
      "value": "fhir@lists.hl7.org"
    }
  ],
  "description": "Lifecycle status of the questionnaire",
  "status": "draft",
  "date": "2014-01-22T23:46:10.703-06:00",
  "define": {
    "system": "http://hl7.org/fhir/questionnaire-status",
    "caseSensitive": true,
    "concept": [
      {
        "code": "draft",
        "display": "draft",
        "definition": "This Questionnaire is used as a template but the template is not ready for use or publication."
      },
      {
        "code": "published",
        "display": "published",
        "definition": "This Questionnaire is used as a template, is published and ready for use."
      },
      {
        "code": "retired",
        "display": "retired",
        "definition": "This Questionnaire is used as a template but should no longer be used for new Questionnaires."
      },
      {
        "code": "in progress",
        "display": "in progress",
        "definition": "This Questionnaire has been filled out with answers, but changes or additions are still expected to be made to it."
      },
      {
        "code": "completed",
        "display": "complete",
        "definition": "This Questionnaire has been filled out with answers, and the current content is regarded as definitive."
      },
      {
        "code": "amended",
        "display": "amended",
        "definition": "This Questionnaire has been filled out with answers, then marked as complete, yet changes or additions have been made to it afterwards."
      }
    ]
  }
}