{
  "resourceType": "Profile",
  "text": {
    "status": "generated",
    "div": "<div><div>Type definition for Range from <a href=\"http://hl7.org/fhir/datatypes.html#Range\">FHIR Specification</a></div></div>"
  },
  "name": "Basic Profile for Range",
  "publisher": "FHIR Specification",
  "description": "Basic Profile for Range for validation support",
  "status": "draft",
  "date": "2014-01-22",
  "mapping": [
    {
      "identity": "rim",
      "uri": "http://hl7.org/v3",
      "name": "RIM"
    },
    {
      "identity": "v2",
      "uri": "http://hl7.org/v2",
      "name": "HL7 v2"
    }
  ],
  "structure": [
    {
      "type": "Range",
      "element": [
        {
          "path": "Range",
          "definition": {
            "short": "Set of values bounded by low and high",
            "formal": "A set of ordered Quantities defined by a low and high limit.",
            "comments": "The stated low and high value are assumed to have arbitrarily high precision when it comes to determining which values are in the range. I.e. 1.99 is not in the range 2 -> 3.",
            "min": "1",
            "max": "1",
            "type": [
              {
                "code": "Type"
              }
            ],
            "constraint": [
              {
                "key": "3",
                "name": "No Range flag on Quantity",
                "severity": "error",
                "human": "Quantity values cannot have a comparator when used in a Range",
                "xpath": "not(exists(f:low/f:comparator) or exists(f:high/f:comparator))"
              },
              {
                "key": "2",
                "name": "Low < high",
                "severity": "error",
                "human": "If present, low SHALL have a lower value than high",
                "xpath": "not(exists(f:low/f:value/@value)) or not(exists(f:high/f:value/@value)) or (number(f:low/f:value/@value) <= number(f:high/f:value/@value))"
              }
            ],
            "isModifier": false,
            "mapping": [
              {
                "identity": "rim",
                "map": "IVL<QTY[not(type=\"TS\")]> [lowClosed=\"true\" and highClosed=\"true\"]or URG<QTY[not(type=\"TS\")]>"
              },
              {
                "identity": "v2",
                "map": "NR and also possibly SN (but see also quantity)"
              }
            ]
          }
        },
        {
          "path": "Range.low",
          "definition": {
            "short": "Low limit",
            "formal": "The low limit. The boundary is inclusive.",
            "comments": "If the low element is missing, the low boundary is not known.",
            "min": "0",
            "max": "1",
            "type": [
              {
                "code": "Quantity"
              }
            ],
            "isModifier": false,
            "mapping": [
              {
                "identity": "rim",
                "map": "./low"
              },
              {
                "identity": "v2",
                "map": "NR.1"
              }
            ]
          }
        },
        {
          "path": "Range.high",
          "definition": {
            "short": "High limit",
            "formal": "The high limit. The boundary is inclusive.",
            "comments": "If the high element is missing, the high boundary is not known.",
            "min": "0",
            "max": "1",
            "type": [
              {
                "code": "Quantity"
              }
            ],
            "isModifier": false,
            "mapping": [
              {
                "identity": "rim",
                "map": "./high"
              },
              {
                "identity": "v2",
                "map": "NR.2"
              }
            ]
          }
        }
      ]
    }
  ]
}