{
  "resourceType": "Profile",
  "text": {
    "status": "generated",
    "div": "<div><div>Type definition for SampledData from <a href=\"http://hl7.org/fhir/datatypes.html#SampledData\">FHIR Specification</a></div></div>"
  },
  "name": "Basic Profile for SampledData",
  "publisher": "FHIR Specification",
  "description": "Basic Profile for SampledData for validation support",
  "status": "draft",
  "date": "2014-01-22",
  "mapping": [
    {
      "identity": "rim",
      "uri": "http://hl7.org/v3",
      "name": "RIM"
    },
    {
      "identity": "v2",
      "uri": "http://hl7.org/v2",
      "name": "HL7 v2"
    }
  ],
  "structure": [
    {
      "type": "SampledData",
      "element": [
        {
          "path": "SampledData",
          "definition": {
            "short": "A series of measurements taken by a device",
            "formal": "A series of measurements taken by a device, with upper and lower limits. There may be more than one dimension in the data.",
            "comments": "The data is not interpretable without at least origin, period, and dimensions, but these are optional to allow a separation between the template of measurement and the actual measurement, such as between DeviceCapabilities and DeviceLog.",
            "min": "1",
            "max": "1",
            "type": [
              {
                "code": "Type"
              }
            ],
            "isModifier": false,
            "mapping": [
              {
                "identity": "rim",
                "map": "SLIST + GLIST"
              },
              {
                "identity": "v2",
                "map": "N/A (but see section 7.14 in v2.7)"
              }
            ]
          }
        },
        {
          "path": "SampledData.origin",
          "definition": {
            "short": "Zero value and units",
            "formal": "The base quantity that a measured value of zero represents. In addition, this provides the units of the entire measurement series.",
            "min": "1",
            "max": "1",
            "type": [
              {
                "code": "Quantity"
              }
            ],
            "isModifier": false,
            "mapping": [
              {
                "identity": "rim",
                "map": "SLIST.origin"
              }
            ]
          }
        },
        {
          "path": "SampledData.period",
          "definition": {
            "short": "Number of milliseconds between samples",
            "formal": "The length of time between sampling times, measured in milliseconds.",
            "comments": "This is usually a whole number.",
            "min": "1",
            "max": "1",
            "type": [
              {
                "code": "decimal"
              }
            ],
            "isModifier": false,
            "mapping": [
              {
                "identity": "rim",
                "map": "GLIST.increment"
              }
            ]
          }
        },
        {
          "path": "SampledData.factor",
          "definition": {
            "short": "Multiply data by this before adding to origin",
            "formal": "A correction factor that is applied to the sampled data points before they are added to the origin.",
            "min": "0",
            "max": "1",
            "type": [
              {
                "code": "decimal"
              }
            ],
            "isModifier": false,
            "mapping": [
              {
                "identity": "rim",
                "map": "SLIST.factor"
              }
            ]
          }
        },
        {
          "path": "SampledData.lowerLimit",
          "definition": {
            "short": "Lower limit of detection",
            "formal": "The lower limit of detection of the measured points. This is needed if any of the data points have the value \"L\" (lower than detection limit).",
            "min": "0",
            "max": "1",
            "type": [
              {
                "code": "decimal"
              }
            ],
            "isModifier": false,
            "mapping": [
              {
                "identity": "rim",
                "map": "N/A (use SLIST.digits.nullFlavor)"
              }
            ]
          }
        },
        {
          "path": "SampledData.upperLimit",
          "definition": {
            "short": "Upper limit of detection",
            "formal": "The upper limit of detection of the measured points. This is needed if any of the data points have the value \"U\" (higher than detection limit).",
            "min": "0",
            "max": "1",
            "type": [
              {
                "code": "decimal"
              }
            ],
            "isModifier": false,
            "mapping": [
              {
                "identity": "rim",
                "map": "N/A (use SLIST.digits.nullFlavor)"
              }
            ]
          }
        },
        {
          "path": "SampledData.dimensions",
          "definition": {
            "short": "Number of sample points at each time point",
            "formal": "The number of sample points at each time point. If this value is greater than one, then the dimensions will be interlaced - all the sample points for a point in time will be recorded at once.",
            "comments": "If there is more than one dimension, the code for the type of data will define the meaning of the dimensions (typically ECG data).",
            "min": "1",
            "max": "1",
            "type": [
              {
                "code": "integer"
              }
            ],
            "isModifier": false,
            "mapping": [
              {
                "identity": "rim",
                "map": "N/A (fixed to 1)"
              }
            ]
          }
        },
        {
          "path": "SampledData.data",
          "definition": {
            "short": "Decimal values with spaces, or \"E\" | \"U\" | \"L\"",
            "formal": "A series of data points which are decimal values separated by a single space (character u20). The special values \"E\" (error), \"L\" (below detection limit) and \"U\" (above detection limit) can also be used in place of a decimal value.",
            "min": "1",
            "max": "1",
            "type": [
              {
                "code": "string"
              }
            ],
            "isModifier": false,
            "mapping": [
              {
                "identity": "rim",
                "map": "SLIST.digits"
              }
            ]
          }
        }
      ]
    }
  ]
}