{
  "resourceType": "Profile",
  "text": {
    "status": "generated",
    "div": "<div><div>Type definition for Identifier from <a href=\"http://hl7.org/fhir/datatypes.html#Identifier\">FHIR Specification</a></div></div>"
  },
  "name": "Basic Profile for Identifier",
  "publisher": "FHIR Specification",
  "description": "Basic Profile for Identifier for validation support",
  "status": "draft",
  "date": "2014-01-22",
  "mapping": [
    {
      "identity": "rim",
      "uri": "http://hl7.org/v3",
      "name": "RIM"
    },
    {
      "identity": "v2",
      "uri": "http://hl7.org/v2",
      "name": "HL7 v2"
    },
    {
      "identity": "servd",
      "uri": "http://www.omg.org/spec/ServD/1.0/",
      "name": "ServD"
    }
  ],
  "structure": [
    {
      "type": "Identifier",
      "element": [
        {
          "path": "Identifier",
          "definition": {
            "short": "An identifier intended for computation",
            "formal": "A technical identifier - identifies some entity uniquely and unambiguously.",
            "min": "1",
            "max": "1",
            "type": [
              {
                "code": "Type"
              }
            ],
            "isModifier": false,
            "mapping": [
              {
                "identity": "rim",
                "map": "II - see see identifier pattern at http://wiki.hl7.org/index.php?title=Common_Design_Patterns#Identifier_Pattern for relevant discussion. The Identifier class is a little looser than the v3 type II because it allows URIs as well as registered OIDs or GUIDs"
              },
              {
                "identity": "v2",
                "map": "CX / EI (occasionally, more often EI maps to a resource id or a URL)"
              },
              {
                "identity": "servd",
                "map": "Identifier"
              }
            ]
          }
        },
        {
          "path": "Identifier.use",
          "definition": {
            "short": "usual | official | temp | secondary (If known)",
            "formal": "The purpose of this identifier.",
            "comments": "This is labeled as \"Is Modifier\" because applications should not mistake a temporary id for a permanent one. Applications can assume that an identifier is permanent unless it explicitly says that it is temporary.",
            "min": "0",
            "max": "1",
            "type": [
              {
                "code": "code"
              }
            ],
            "isModifier": true,
            "binding": {
              "name": "IdentifierUse",
              "isExtensible": false,
              "conformance": "required",
              "referenceResource": {
                "reference": "http://hl7.org/fhir/vs/identifier-use"
              }
            },
            "mapping": [
              {
                "identity": "rim",
                "map": "N/A - this is sometimes implied by context"
              },
              {
                "identity": "v2",
                "map": "CX.5"
              }
            ]
          }
        },
        {
          "path": "Identifier.label",
          "definition": {
            "short": "Description of identifier",
            "formal": "A text string for the identifier that can be displayed to a human so they can recognize the identifier.",
            "min": "0",
            "max": "1",
            "type": [
              {
                "code": "string"
              }
            ],
            "isModifier": false,
            "mapping": [
              {
                "identity": "rim",
                "map": "N/A - this is sometimes implied by context"
              },
              {
                "identity": "v2",
                "map": "N/A"
              }
            ]
          }
        },
        {
          "path": "Identifier.system",
          "definition": {
            "short": "The namespace for the identifier",
            "formal": "Establishes the namespace in which set of possible id values is unique.",
            "min": "0",
            "max": "1",
            "type": [
              {
                "code": "uri"
              }
            ],
            "isModifier": false,
            "mapping": [
              {
                "identity": "rim",
                "map": "II.root"
              },
              {
                "identity": "v2",
                "map": "CX.4 / EI-2-4"
              },
              {
                "identity": "servd",
                "map": "./IdentifierType"
              }
            ]
          }
        },
        {
          "path": "Identifier.value",
          "definition": {
            "short": "The value that is unique",
            "formal": "The portion of the identifier typically displayed to the user and which is unique within the context of the system.",
            "comments": "If the value is a full URI, then the system SHALL be urn:ietf:rfc:3986.",
            "min": "0",
            "max": "1",
            "type": [
              {
                "code": "string"
              }
            ],
            "isModifier": false,
            "mapping": [
              {
                "identity": "rim",
                "map": "II.extension or II.root if system indicates OID or GUID"
              },
              {
                "identity": "v2",
                "map": "CX.1 / EI.1"
              },
              {
                "identity": "servd",
                "map": "./Value"
              }
            ]
          }
        },
        {
          "path": "Identifier.period",
          "definition": {
            "short": "Time period when id is/was valid for use",
            "formal": "Time period during which identifier is/was valid for use.",
            "min": "0",
            "max": "1",
            "type": [
              {
                "code": "Period"
              }
            ],
            "isModifier": false,
            "mapping": [
              {
                "identity": "rim",
                "map": "N/A - this is sometimes implied by context"
              },
              {
                "identity": "v2",
                "map": "CX.7 + CX.8"
              },
              {
                "identity": "servd",
                "map": "./StartDate and ./EndDate"
              }
            ]
          }
        },
        {
          "path": "Identifier.assigner",
          "definition": {
            "short": "Organization that issued id (may be just text)",
            "formal": "Organization that issued/manages the identifier.",
            "comments": "The reference may be just a text description of the assigner.",
            "min": "0",
            "max": "1",
            "type": [
              {
                "code": "Resource(Organization)"
              }
            ],
            "isModifier": false,
            "mapping": [
              {
                "identity": "rim",
                "map": "II.assigningAuthorityName but note that this is an improper use by the definition of the field"
              },
              {
                "identity": "v2",
                "map": "CX.4 / (CX.4,CX.9,CX.10)"
              },
              {
                "identity": "servd",
                "map": "./IdentifierIssuingAuthority"
              }
            ]
          }
        }
      ]
    }
  ]
}