{
  "resourceType": "Profile",
  "text": {
    "status": "generated",
    "div": "<div><div>Type definition for Period from <a href=\"http://hl7.org/fhir/datatypes.html#Period\">FHIR Specification</a></div></div>"
  },
  "name": "Basic Profile for Period",
  "publisher": "FHIR Specification",
  "description": "Basic Profile for Period for validation support",
  "status": "draft",
  "date": "2014-01-22",
  "mapping": [
    {
      "identity": "rim",
      "uri": "http://hl7.org/v3",
      "name": "RIM"
    },
    {
      "identity": "v2",
      "uri": "http://hl7.org/v2",
      "name": "HL7 v2"
    }
  ],
  "structure": [
    {
      "type": "Period",
      "element": [
        {
          "path": "Period",
          "definition": {
            "short": "Time range defined by start and end date/time",
            "formal": "A time period defined by a start and end date and optionally time.",
            "comments": "This is not a duration - that's a measure of time (a separate type), but a duration that occurs at a fixed value of time. A Period specifies a range of time; the context of use will specify whether the entire range applies (e.g. \"the patient was an inpatient of the hospital for this time range\") or one value from the range applies (e.g. \"give to the patient between these two times\"). If a duration might be required, specify the type as Interval|Duration.",
            "min": "1",
            "max": "1",
            "type": [
              {
                "code": "Type"
              }
            ],
            "constraint": [
              {
                "key": "1",
                "name": "Start <= End",
                "severity": "error",
                "human": "If present, start SHALL have a lower value than end",
                "xpath": "not(exists(f:start)) or not(exists(f:end)) or (f:start/@value <= f:end/@value)"
              }
            ],
            "isModifier": false,
            "mapping": [
              {
                "identity": "rim",
                "map": "IVL<TS>[lowClosed=\"true\" and highClosed=\"true\"] or URG<TS>[lowClosed=\"true\" and highClosed=\"true\"]"
              },
              {
                "identity": "v2",
                "map": "DR"
              }
            ]
          }
        },
        {
          "path": "Period.start",
          "definition": {
            "short": "Starting time with inclusive boundary",
            "formal": "The start of the period. The boundary is inclusive.",
            "comments": "If the low element is missing, the meaning is that the low boundary is not known.",
            "min": "0",
            "max": "1",
            "type": [
              {
                "code": "dateTime"
              }
            ],
            "isModifier": false,
            "mapping": [
              {
                "identity": "rim",
                "map": "./low"
              },
              {
                "identity": "v2",
                "map": "DR.1"
              }
            ]
          }
        },
        {
          "path": "Period.end",
          "definition": {
            "short": "End time with inclusive boundary, if not ongoing",
            "formal": "The end of the period. If the end of the period is missing, it means that the period is ongoing.",
            "comments": "The high value includes any matching date/time. i.e. 2012-02-03T10:00:00 is in a period that has a end value of 2012-02-03.",
            "min": "0",
            "max": "1",
            "type": [
              {
                "code": "dateTime"
              }
            ],
            "isModifier": false,
            "mapping": [
              {
                "identity": "rim",
                "map": "./high"
              },
              {
                "identity": "v2",
                "map": "DR.2"
              }
            ]
          }
        }
      ]
    }
  ]
}