{
  "resourceType": "Profile",
  "text": {
    "status": "generated",
    "div": "<div><div>Type definition for Attachment from <a href=\"http://hl7.org/fhir/datatypes.html#Attachment\">FHIR Specification</a></div></div>"
  },
  "name": "Basic Profile for Attachment",
  "publisher": "FHIR Specification",
  "description": "Basic Profile for Attachment for validation support",
  "status": "draft",
  "date": "2014-01-22",
  "mapping": [
    {
      "identity": "rim",
      "uri": "http://hl7.org/v3",
      "name": "RIM"
    },
    {
      "identity": "v2",
      "uri": "http://hl7.org/v2",
      "name": "HL7 v2"
    }
  ],
  "structure": [
    {
      "type": "Attachment",
      "element": [
        {
          "path": "Attachment",
          "definition": {
            "short": "Content in a format defined elsewhere",
            "formal": "For referring to data content defined in other formats.",
            "min": "1",
            "max": "1",
            "type": [
              {
                "code": "Type"
              }
            ],
            "isModifier": false,
            "mapping": [
              {
                "identity": "rim",
                "map": "ED"
              },
              {
                "identity": "v2",
                "map": "ED/RP"
              }
            ]
          }
        },
        {
          "path": "Attachment.contentType",
          "definition": {
            "short": "Mime type of the content, with charset etc.",
            "formal": "Identifies the type of the data in the attachment and allows a method to be chosen to interpret or render the data. Includes mime type parameters such as charset where appropriate.",
            "min": "1",
            "max": "1",
            "type": [
              {
                "code": "code"
              }
            ],
            "isModifier": false,
            "binding": {
              "name": "MimeType",
              "isExtensible": false,
              "conformance": "required",
              "referenceUri": "http://www.rfc-editor.org/bcp/bcp13.txt"
            },
            "mapping": [
              {
                "identity": "rim",
                "map": "./mediaType, ./charset"
              },
              {
                "identity": "v2",
                "map": "ED.2+ED.3/RP.2+RP.3. Note conversion may be needed if old style values are being used"
              }
            ]
          }
        },
        {
          "path": "Attachment.language",
          "definition": {
            "short": "Human language of the content (BCP-47)",
            "formal": "The human language of the content. The value can be any valid value according to BCP 47.",
            "min": "0",
            "max": "1",
            "type": [
              {
                "code": "code"
              }
            ],
            "isModifier": false,
            "binding": {
              "name": "Language",
              "isExtensible": false,
              "conformance": "required",
              "referenceUri": "http://tools.ietf.org/html/bcp47"
            },
            "mapping": [
              {
                "identity": "rim",
                "map": "./language"
              }
            ]
          }
        },
        {
          "path": "Attachment.data",
          "definition": {
            "short": "Data inline, base64ed",
            "formal": "The actual data of the attachment - a sequence of bytes. In XML, represented using base64.",
            "comments": "The base64-encoded data SHALL be expressed in the same character set as the base resource XML or JSON.",
            "min": "0",
            "max": "1",
            "type": [
              {
                "code": "base64Binary"
              }
            ],
            "isModifier": false,
            "mapping": [
              {
                "identity": "rim",
                "map": "./data"
              },
              {
                "identity": "v2",
                "map": "ED.5"
              }
            ]
          }
        },
        {
          "path": "Attachment.url",
          "definition": {
            "short": "Uri where the data can be found",
            "formal": "An alternative location where the data can be accessed.",
            "comments": "If both data and url are provided, the url SHALL point to the same content as the data contains. Urls may be relative references or may reference transient locations such as a wrapping envelope using cid: though this has ramifications for using signatures. Relative URLs are interpreted relative to the service url, like a resource reference, rather than relative to the resource itself. If a URL is provided, it SHALL resolve to actual data.",
            "min": "0",
            "max": "1",
            "type": [
              {
                "code": "uri"
              }
            ],
            "isModifier": false,
            "mapping": [
              {
                "identity": "rim",
                "map": "./reference/literal"
              },
              {
                "identity": "v2",
                "map": "RP.1+RP.2 - if they refer to a URL (see v2.6)"
              }
            ]
          }
        },
        {
          "path": "Attachment.size",
          "definition": {
            "short": "Number of bytes of content (if url provided)",
            "formal": "The number of bytes of data that make up this attachment.",
            "comments": "The number of bytes is redundant if the data is provided as a base64binary, but is useful if the data is provided as a url reference.",
            "min": "0",
            "max": "1",
            "type": [
              {
                "code": "integer"
              }
            ],
            "isModifier": false,
            "mapping": [
              {
                "identity": "rim",
                "map": "N/A (needs data type R3 proposal)"
              }
            ]
          }
        },
        {
          "path": "Attachment.hash",
          "definition": {
            "short": "Hash of the data (sha-1, base64ed )",
            "formal": "The calculated hash of the data using SHA-1. Represented using base64.",
            "min": "0",
            "max": "1",
            "type": [
              {
                "code": "base64Binary"
              }
            ],
            "isModifier": false,
            "mapping": [
              {
                "identity": "rim",
                "map": ".integrityCheck[parent::ED/integrityCheckAlgorithm=\"SHA-1\"]"
              }
            ]
          }
        },
        {
          "path": "Attachment.title",
          "definition": {
            "short": "Label to display in place of the data",
            "formal": "A label or set of text to display in place of the data.",
            "min": "0",
            "max": "1",
            "type": [
              {
                "code": "string"
              }
            ],
            "isModifier": false,
            "mapping": [
              {
                "identity": "rim",
                "map": "./title/data"
              }
            ]
          }
        }
      ]
    }
  ]
}