{
  "resourceType": "Profile",
  "text": {
    "status": "generated",
    "div": "<div><div>Type definition for Ratio from <a href=\"http://hl7.org/fhir/datatypes.html#Ratio\">FHIR Specification</a></div></div>"
  },
  "name": "Basic Profile for Ratio",
  "publisher": "FHIR Specification",
  "description": "Basic Profile for Ratio for validation support",
  "status": "draft",
  "date": "2014-01-22",
  "mapping": [
    {
      "identity": "rim",
      "uri": "http://hl7.org/v3",
      "name": "RIM"
    },
    {
      "identity": "v2",
      "uri": "http://hl7.org/v2",
      "name": "HL7 v2"
    }
  ],
  "structure": [
    {
      "type": "Ratio",
      "element": [
        {
          "path": "Ratio",
          "definition": {
            "short": "A ratio of two Quantity values - a numerator and a denominator",
            "formal": "A relationship of two Quantity values - expressed as a numerator and a denominator.",
            "min": "1",
            "max": "1",
            "type": [
              {
                "code": "Type"
              }
            ],
            "constraint": [
              {
                "key": "1",
                "name": "both numerator and denominator",
                "severity": "error",
                "human": "numerator and denominator SHALL both be present, or both be absent",
                "xpath": "count(f:numerator) = count(f:denominator)"
              }
            ],
            "isModifier": false,
            "mapping": [
              {
                "identity": "rim",
                "map": "RTO"
              },
              {
                "identity": "v2",
                "map": "N/A"
              }
            ]
          }
        },
        {
          "path": "Ratio.numerator",
          "definition": {
            "short": "Numerator value",
            "formal": "The value of the numerator.",
            "min": "0",
            "max": "1",
            "type": [
              {
                "code": "Quantity"
              }
            ],
            "isModifier": false,
            "mapping": [
              {
                "identity": "rim",
                "map": ".numerator"
              }
            ]
          }
        },
        {
          "path": "Ratio.denominator",
          "definition": {
            "short": "Denominator value",
            "formal": "The value of the denominator.",
            "min": "0",
            "max": "1",
            "type": [
              {
                "code": "Quantity"
              }
            ],
            "isModifier": false,
            "mapping": [
              {
                "identity": "rim",
                "map": ".denominator"
              }
            ]
          }
        }
      ]
    }
  ]
}