{
  "resourceType": "Profile",
  "text": {
    "status": "generated",
    "div": "<div><div>Type definition for Extension from <a href=\"http://hl7.org/fhir/datatypes.html#Extension\">FHIR Specification</a></div></div>"
  },
  "name": "Basic Profile for Extension",
  "publisher": "FHIR Specification",
  "description": "Basic Profile for Extension for validation support",
  "status": "draft",
  "date": "2014-01-22",
  "mapping": [
    {
      "identity": "rim",
      "uri": "http://hl7.org/v3",
      "name": "RIM"
    }
  ],
  "structure": [
    {
      "type": "Extension",
      "element": [
        {
          "path": "Extension",
          "definition": {
            "short": "Optional Extensions Element - found in all resources.",
            "formal": "Optional Extensions Element - found in all resources.",
            "min": "1",
            "max": "1",
            "type": [
              {
                "code": "Type"
              }
            ],
            "isModifier": false,
            "mapping": [
              {
                "identity": "rim",
                "map": "N/A"
              }
            ]
          }
        },
        {
          "path": "Extension.url",
          "representation": [
            "xmlAttr"
          ],
          "definition": {
            "short": "identifies the meaning of the extension",
            "formal": "Source of the definition for the extension code - a logical name or a URL.",
            "comments": "The definition may point directly to a computable or human-readable definition of the extensibility codes, or it may be a logical URI as declared in some other specification. The definition should be version specific.  This will ideally be the URI for the Resource Profile defining the extension, with the code for the extension after a #.",
            "min": "1",
            "max": "1",
            "type": [
              {
                "code": "uri"
              }
            ],
            "isModifier": false,
            "mapping": [
              {
                "identity": "rim",
                "map": "N/A"
              }
            ]
          }
        },
        {
          "path": "Extension.value[x]",
          "definition": {
            "short": "Value of extension",
            "formal": "Value of extension - may be a resource or one of a constrained set of the data types (see Extensibility in the spec for list).",
            "min": "0",
            "max": "1",
            "type": [
              {
                "code": "*"
              }
            ],
            "isModifier": false,
            "mapping": [
              {
                "identity": "rim",
                "map": "N/A"
              }
            ]
          }
        }
      ]
    }
  ]
}