<?xml version="1.0" encoding="UTF-8"?>

<Profile xmlns="http://hl7.org/fhir">
  <text>
    <status value="generated"/><div xmlns="http://www.w3.org/1999/xhtml"><pre>
&lt;<a title="Manifest of a set of images produced in study. The set of images may include every image in the study, or it may be an incomplete sample, such as a list of key images." class="dict" href="imagingstudy-definitions.html#ImagingStudy"><b>ImagingStudy</b></a> xmlns=&quot;http://hl7.org/fhir&quot;&gt; <span style="float: right"><a title="Documentation for this format" href="formats.html"><img alt="doco" src="help.png"/></a></span>
 &lt;!-- from <a href="resources.html">Resource</a>: <a href="extensibility.html">extension</a>, <a href="extensibility.html#modifierExtension">modifierExtension</a>, language, <a href="narrative.html#Narrative">text</a>, and <a href="references.html#contained">contained</a> --&gt;
 &lt;<a title="Date and Time the study took place." class="dict" href="imagingstudy-definitions.html#ImagingStudy.dateTime"><b>dateTime</b></a> value=&quot;[<span style="color: darkgreen"><a href="datatypes.html#dateTime">dateTime</a></span>]&quot;/&gt;<span style="color: Gray">&lt;!--</span> <span style="color: brown"><b>0..1</b></span> <span style="color: navy">When the study was performed</span><span style="color: Gray"> --&gt;</span>
 &lt;<a title="Who the images are of." class="dict" href="imagingstudy-definitions.html#ImagingStudy.subject"><b>subject</b></a>&gt;<span style="color: Gray">&lt;!--</span> <span style="color: brown"><b>1..1</b></span> <span style="color: darkgreen"><a href="references.html#Resource">Resource</a>(<a href="patient.html#Patient">Patient</a>)</span> <span style="color: navy">Who the images are of</span><span style="color: Gray"> --&gt;</span>&lt;/subject&gt;
 &lt;<a title="Formal identifier for the study." class="dict" href="imagingstudy-definitions.html#ImagingStudy.uid"><b>uid</b></a> value=&quot;[<span style="color: darkgreen"><a href="datatypes.html#oid">oid</a></span>]&quot;/&gt;<span style="color: Gray">&lt;!--</span> <span style="color: brown"><b>1..1</b></span> <span style="color: navy">Formal identifier for the study (0020,000D)</span><span style="color: Gray"> --&gt;</span>
 &lt;<a title="Accession Number." class="dict" href="imagingstudy-definitions.html#ImagingStudy.accessionNo"><b>accessionNo</b></a>&gt;<span style="color: Gray">&lt;!--</span> <span style="color: brown"><b>0..1</b></span> <span style="color: darkgreen"><a href="datatypes.html#Identifier">Identifier</a></span> <span style="color: navy">Accession Number (0008,0050)</span><span style="color: Gray"> --&gt;</span>&lt;/accessionNo&gt;
 &lt;<a title="Other identifiers for the study." class="dict" href="imagingstudy-definitions.html#ImagingStudy.identifier"><b>identifier</b></a>&gt;<span style="color: Gray">&lt;!--</span> <span style="color: brown"><b>0..*</b></span> <span style="color: darkgreen"><a href="datatypes.html#Identifier">Identifier</a></span> <span style="color: navy">Other identifiers for the study (0020,0010)</span><span style="color: Gray"> --&gt;</span>&lt;/identifier&gt;
 &lt;<a title="A list of the diagnostic orders that resulted in this imaging study being performed." class="dict" href="imagingstudy-definitions.html#ImagingStudy.order"><b>order</b></a>&gt;<span style="color: Gray">&lt;!--</span> <span style="color: brown"><b>0..*</b></span> <span style="color: darkgreen"><a href="references.html#Resource">Resource</a>(<a href="diagnosticorder.html#DiagnosticOrder">DiagnosticOrder</a>)</span> <span style="color: navy">Order(s) that caused this study to be performed</span><span style="color: Gray"> --&gt;</span>&lt;/order&gt;
 &lt;<a title="A list of all the Series.ImageModality values that are actual acquisition modalities, i.e. those in the DICOM Context Group 29 (value set OID 1.2.840.10008.6.1.19)." class="dict" href="imagingstudy-definitions.html#ImagingStudy.modality"><b>modality</b></a> value=&quot;[<span style="color: darkgreen"><a href="datatypes.html#code">code</a></span>]&quot;/&gt;<span style="color: Gray">&lt;!--</span> <span style="color: brown"><b>0..*</b></span> <span style="color: navy"><a style="color: navy" href="imaging-modality.html">All series.modality if actual acquisition modalities</a></span><span style="color: Gray"> --&gt;</span>
 &lt;<a title="The requesting/referring physician." class="dict" href="imagingstudy-definitions.html#ImagingStudy.referrer"><b>referrer</b></a>&gt;<span style="color: Gray">&lt;!--</span> <span style="color: brown"><b>0..1</b></span> <span style="color: darkgreen"><a href="references.html#Resource">Resource</a>(<a href="practitioner.html#Practitioner">Practitioner</a>)</span> <span style="color: navy">Referring physician (0008,0090)</span><span style="color: Gray"> --&gt;</span>&lt;/referrer&gt;
 &lt;<a title="Availability of study (online, offline or nearline)." class="dict" href="imagingstudy-definitions.html#ImagingStudy.availability"><b>availability</b></a> value=&quot;[<span style="color: darkgreen"><a href="datatypes.html#code">code</a></span>]&quot;/&gt;<span style="color: Gray">&lt;!--</span> <span style="color: brown"><b>0..1</b></span> <span style="color: navy"><a style="color: navy" href="instance-availability.html">ONLINE | OFFLINE | NEARLINE | UNAVAILABLE (0008,0056)</a></span><span style="color: Gray"> --&gt;</span>
 &lt;<a title="WADO-RS URI where Study is available." class="dict" href="imagingstudy-definitions.html#ImagingStudy.url"><b>url</b></a> value=&quot;[<span style="color: darkgreen"><a href="datatypes.html#uri">uri</a></span>]&quot;/&gt;<span style="color: Gray">&lt;!--</span> <span style="color: brown"><b>0..1</b></span> <span style="color: navy">Retrieve URI (0008,1190)</span><span style="color: Gray"> --&gt;</span>
 &lt;<a title="Number of Series in Study." class="dict" href="imagingstudy-definitions.html#ImagingStudy.numberOfSeries"><b>numberOfSeries</b></a> value=&quot;[<span style="color: darkgreen"><a href="datatypes.html#integer">integer</a></span>]&quot;/&gt;<span style="color: Gray">&lt;!--</span> <span style="color: brown"><b>1..1</b></span> <span style="color: navy">Number of Study Related Series (0020,1206)</span><span style="color: Gray"> --&gt;</span>
 &lt;<a title="Number of SOP Instances in Study." class="dict" href="imagingstudy-definitions.html#ImagingStudy.numberOfInstances"><b>numberOfInstances</b></a> value=&quot;[<span style="color: darkgreen"><a href="datatypes.html#integer">integer</a></span>]&quot;/&gt;<span style="color: Gray">&lt;!--</span> <span style="color: brown"><b>1..1</b></span> <span style="color: navy">Number of Study Related Instances (0020,1208)</span><span style="color: Gray"> --&gt;</span>
 &lt;<a title="Diagnoses etc provided with request." class="dict" href="imagingstudy-definitions.html#ImagingStudy.clinicalInformation"><b>clinicalInformation</b></a> value=&quot;[<span style="color: darkgreen"><a href="datatypes.html#string">string</a></span>]&quot;/&gt;<span style="color: Gray">&lt;!--</span> <span style="color: brown"><b>0..1</b></span> <span style="color: navy">Diagnoses etc with request (0040,1002)</span><span style="color: Gray"> --&gt;</span>
 &lt;<a title="Type of procedure performed." class="dict" href="imagingstudy-definitions.html#ImagingStudy.procedure"><b>procedure</b></a>&gt;<span style="color: Gray">&lt;!--</span> <span style="color: brown"><b>0..*</b></span> <span style="color: darkgreen"><a href="datatypes.html#Coding">Coding</a></span> <span style="color: navy">Type of procedure performed (0008,1032)</span><span style="color: Gray"> --&gt;</span>&lt;/procedure&gt;
 &lt;<a title="Who read study and interpreted the images." class="dict" href="imagingstudy-definitions.html#ImagingStudy.interpreter"><b>interpreter</b></a>&gt;<span style="color: Gray">&lt;!--</span> <span style="color: brown"><b>0..1</b></span> <span style="color: darkgreen"><a href="references.html#Resource">Resource</a>(<a href="practitioner.html#Practitioner">Practitioner</a>)</span> <span style="color: navy">Who interpreted images (0008,1060)</span><span style="color: Gray"> --&gt;</span>&lt;/interpreter&gt;
 &lt;<a title="Institution-generated description or classification of the Study (component) performed." class="dict" href="imagingstudy-definitions.html#ImagingStudy.description"><b>description</b></a> value=&quot;[<span style="color: darkgreen"><a href="datatypes.html#string">string</a></span>]&quot;/&gt;<span style="color: Gray">&lt;!--</span> <span style="color: brown"><b>0..1</b></span> <span style="color: navy">Institution-generated description (0008,1030)</span><span style="color: Gray"> --&gt;</span>
 &lt;<a title="Each study has one or more series of image instances." class="dict" href="imagingstudy-definitions.html#ImagingStudy.series"><b>series</b></a>&gt;  <span style="color: Gray">&lt;!-- <span style="color: brown"><b>0..*</b></span> Each study has one or more series of instances --&gt;</span>
  &lt;<a title="The number of this series in the overall sequence." class="dict" href="imagingstudy-definitions.html#ImagingStudy.series.number"><b>number</b></a> value=&quot;[<span style="color: darkgreen"><a href="datatypes.html#integer">integer</a></span>]&quot;/&gt;<span style="color: Gray">&lt;!--</span> <span style="color: brown"><b>0..1</b></span> <span style="color: navy">Number of this series in overall sequence (0020,0011)</span><span style="color: Gray"> --&gt;</span>
  &lt;<a title="The modality of this series sequence." class="dict" href="imagingstudy-definitions.html#ImagingStudy.series.modality"><b>modality</b></a> value=&quot;[<span style="color: darkgreen"><a href="datatypes.html#code">code</a></span>]&quot;/&gt;<span style="color: Gray">&lt;!--</span> <span style="color: brown"><b>1..1</b></span> <span style="color: navy"><a style="color: navy" href="modality.html">The modality of the instances in the series (0008,0060)</a></span><span style="color: Gray"> --&gt;</span>
  &lt;<a title="Formal identifier for this series." class="dict" href="imagingstudy-definitions.html#ImagingStudy.series.uid"><b>uid</b></a> value=&quot;[<span style="color: darkgreen"><a href="datatypes.html#oid">oid</a></span>]&quot;/&gt;<span style="color: Gray">&lt;!--</span> <span style="color: brown"><b>1..1</b></span> <span style="color: navy">Formal identifier for this series (0020,000E)</span><span style="color: Gray"> --&gt;</span>
  &lt;<a title="A description of the series." class="dict" href="imagingstudy-definitions.html#ImagingStudy.series.description"><b>description</b></a> value=&quot;[<span style="color: darkgreen"><a href="datatypes.html#string">string</a></span>]&quot;/&gt;<span style="color: Gray">&lt;!--</span> <span style="color: brown"><b>0..1</b></span> <span style="color: navy">A description of the series (0008,103E)</span><span style="color: Gray"> --&gt;</span>
  &lt;<a title="Sequence that contains attributes from the." class="dict" href="imagingstudy-definitions.html#ImagingStudy.series.numberOfInstances"><b>numberOfInstances</b></a> value=&quot;[<span style="color: darkgreen"><a href="datatypes.html#integer">integer</a></span>]&quot;/&gt;<span style="color: Gray">&lt;!--</span> <span style="color: brown"><b>1..1</b></span> <span style="color: navy">Number of Series Related Instances (0020,1209)</span><span style="color: Gray"> --&gt;</span>
  &lt;<a title="Availability of series (online, offline or nearline)." class="dict" href="imagingstudy-definitions.html#ImagingStudy.series.availability"><b>availability</b></a> value=&quot;[<span style="color: darkgreen"><a href="datatypes.html#code">code</a></span>]&quot;/&gt;<span style="color: Gray">&lt;!--</span> <span style="color: brown"><b>0..1</b></span> <span style="color: navy"><a style="color: navy" href="instance-availability.html">ONLINE | OFFLINE | NEARLINE | UNAVAILABLE (0008,0056)</a></span><span style="color: Gray"> --&gt;</span>
  &lt;<a title="WADO-RS URI where Series is available." class="dict" href="imagingstudy-definitions.html#ImagingStudy.series.url"><b>url</b></a> value=&quot;[<span style="color: darkgreen"><a href="datatypes.html#uri">uri</a></span>]&quot;/&gt;<span style="color: Gray">&lt;!--</span> <span style="color: brown"><b>0..1</b></span> <span style="color: navy">Retrieve URI (0008,1115 &gt; 0008,1190)</span><span style="color: Gray"> --&gt;</span>
  &lt;<a title="Body part examined. See  DICOM Part 16 Annex L for the mapping from DICOM to Snomed." class="dict" href="imagingstudy-definitions.html#ImagingStudy.series.bodySite"><b>bodySite</b></a>&gt;<span style="color: Gray">&lt;!--</span> <span style="color: brown"><b>0..1</b></span> <span style="color: darkgreen"><a href="datatypes.html#Coding">Coding</a></span> <span style="color: navy"><a style="color: navy" href="valueset-body-site.html">Body part examined (Map from 0018,0015)</a></span><span style="color: Gray"> --&gt;</span>&lt;/bodySite&gt;
  &lt;<a title="When the series started." class="dict" href="imagingstudy-definitions.html#ImagingStudy.series.dateTime"><b>dateTime</b></a> value=&quot;[<span style="color: darkgreen"><a href="datatypes.html#dateTime">dateTime</a></span>]&quot;/&gt;<span style="color: Gray">&lt;!--</span> <span style="color: brown"><b>0..1</b></span> <span style="color: navy">When the series started</span><span style="color: Gray"> --&gt;</span>
  &lt;<a title="A single image taken from a patient." class="dict" href="imagingstudy-definitions.html#ImagingStudy.series.instance"><b>instance</b></a>&gt;  <span style="color: Gray">&lt;!-- <span style="color: brown"><b>1..*</b></span> A single instance taken from a patient (image or other) --&gt;</span>
   &lt;<a title="The number of this image in the series." class="dict" href="imagingstudy-definitions.html#ImagingStudy.series.instance.number"><b>number</b></a> value=&quot;[<span style="color: darkgreen"><a href="datatypes.html#integer">integer</a></span>]&quot;/&gt;<span style="color: Gray">&lt;!--</span> <span style="color: brown"><b>0..1</b></span> <span style="color: navy">The number of this instance in the series (0020,0013)</span><span style="color: Gray"> --&gt;</span>
   &lt;<a title="Formal identifier for this image." class="dict" href="imagingstudy-definitions.html#ImagingStudy.series.instance.uid"><b>uid</b></a> value=&quot;[<span style="color: darkgreen"><a href="datatypes.html#oid">oid</a></span>]&quot;/&gt;<span style="color: Gray">&lt;!--</span> <span style="color: brown"><b>1..1</b></span> <span style="color: navy">Formal identifier for this instance (0008,0018)</span><span style="color: Gray"> --&gt;</span>
   &lt;<a title="DICOM Image type." class="dict" href="imagingstudy-definitions.html#ImagingStudy.series.instance.sopclass"><b>sopclass</b></a> value=&quot;[<span style="color: darkgreen"><a href="datatypes.html#oid">oid</a></span>]&quot;/&gt;<span style="color: Gray">&lt;!--</span> <span style="color: brown"><b>1..1</b></span> <span style="color: navy">DICOM class type (0008,0016)</span><span style="color: Gray"> --&gt;</span>
   &lt;<a title="Type of instance (image etc) (0004,1430)." class="dict" href="imagingstudy-definitions.html#ImagingStudy.series.instance.type"><b>type</b></a> value=&quot;[<span style="color: darkgreen"><a href="datatypes.html#string">string</a></span>]&quot;/&gt;<span style="color: Gray">&lt;!--</span> <span style="color: brown"><b>0..1</b></span> <span style="color: navy">Type of instance (image etc) (0004,1430)</span><span style="color: Gray"> --&gt;</span>
   &lt;<a title="Description (0070,0080 | 0040,A043 &gt; 0008,0104 | 0042,0010 | 0008,0008)." class="dict" href="imagingstudy-definitions.html#ImagingStudy.series.instance.title"><b>title</b></a> value=&quot;[<span style="color: darkgreen"><a href="datatypes.html#string">string</a></span>]&quot;/&gt;<span style="color: Gray">&lt;!--</span> <span style="color: brown"><b>0..1</b></span> <span style="color: navy">Description (0070,0080 | 0040,A043 &gt; 0008,0104 | 0042,0010 | 0008,0008)</span><span style="color: Gray"> --&gt;</span>
   &lt;<a title="WADO-RS url where image is available." class="dict" href="imagingstudy-definitions.html#ImagingStudy.series.instance.url"><b>url</b></a> value=&quot;[<span style="color: darkgreen"><a href="datatypes.html#uri">uri</a></span>]&quot;/&gt;<span style="color: Gray">&lt;!--</span> <span style="color: brown"><b>0..1</b></span> <span style="color: navy">WADO-RS service where instance is available  (0008,1199 &gt; 0008,1190)</span><span style="color: Gray"> --&gt;</span>
   &lt;<a title="A FHIR resource with content for this instance." class="dict" href="imagingstudy-definitions.html#ImagingStudy.series.instance.attachment"><b>attachment</b></a>&gt;<span style="color: Gray">&lt;!--</span> <span style="color: brown"><b>0..1</b></span> <span style="color: darkgreen"><a href="references.html#Resource">Resource</a>(<a href="resourcelist.html">Any</a>)</span> <span style="color: navy">A FHIR resource with content for this instance</span><span style="color: Gray"> --&gt;</span>&lt;/attachment&gt;
  &lt;/instance&gt;
 &lt;/series&gt;
&lt;/ImagingStudy&gt;
</pre></div>
  </text>
  <name value="imagingstudy"/>
  <publisher value="FHIR Project"/>
  <description value="Basic Profile. Manifest of a set of images produced in study. The set of images may include every image in the study, or it may be an incomplete sample, such as a list of key images."/>
  <status value="draft"/>
  <date value="2014-01-22"/>
  <requirements value="Scope and Usage This resource summarizes a series of images or other instances generated as part of an imaging study, and provides references to where the images are available using WADO-RS. This resource is used to make information concerning images etc. that are available in other clinical contexts such as diagnostic reports, Care Plans, etc. Also, see the use case description below. 

This resources has been specifically designed with use in DICOM contexts in mind. The content is closely based on the definitions of the equivalent DICOM constructs, and informed by usage patterns already established through DICOM implementation practices, including XDS-I. It is not, however, necessary to use DICOM infrastructure in order to use this resource."/>
  <mapping>
    <identity value="dicom"/>
    <uri value="http://nema.org/dicom"/>
    <name value="DICOM"/>
  </mapping>
  <structure>
    <type value="ImagingStudy"/>
    <publish value="true"/>
    <element>
      <path value="ImagingStudy"/>
      <definition>
        <short value="A set of images produced in single study (one or more series of references images)"/>
        <formal value="Manifest of a set of images produced in study. The set of images may include every image in the study, or it may be an incomplete sample, such as a list of key images."/>
        <min value="1"/>
        <max value="1"/>
        <type>
          <code value="Resource"/>
        </type>
        <isModifier value="false"/>
        <mapping>
          <identity value="dicom"/>
          <map value="Reference IHE radiology TF vol 2 table 4.14.1"/>
        </mapping>
      </definition>
    </element>
    <element>
      <path value="ImagingStudy.extension"/>
      <definition>
        <short value="Additional Content defined by implementations"/>
        <formal value="May be used to represent additional information that is not part of the basic definition of the resource. In order to make the use of extensions safe and manageable, there is a strict governance applied to the definition and use of extensions. Though any implementer is allowed to define an extension, there is a set of requirements that SHALL be met as part of the definition of the extension."/>
        <comments value="there can be no stigma associated with the use of extensions by any application, project, or standard - regardless of the institution or jurisdiction that uses or defines the extensions.  The use of extensions is what allows the FHIR specification to retain a core simplicity for everyone."/>
        <synonym value="extensions"/>
        <synonym value="user content"/>
        <min value="0"/>
        <max value="*"/>
        <type>
          <code value="Extension"/>
        </type>
        <isModifier value="false"/>
      </definition>
    </element>
    <element>
      <path value="ImagingStudy.modifierExtension"/>
      <definition>
        <short value="Extensions that cannot be ignored"/>
        <formal value="May be used to represent additional information that is not part of the basic definition of the resource, and that modifies the understanding of the element that contains it. Usually modifier elements provide negation or qualification. In order to make the use of extensions safe and manageable, there is a strict governance applied to the definition and use of extensions. Though any implementer is allowed to define an extension, there is a set of requirements that SHALL be met as part of the definition of the extension. Applications processing a resource are required to check for modifier extensions."/>
        <comments value="there can be no stigma associated with the use of extensions by any application, project, or standard - regardless of the institution or jurisdiction that uses or defines the extensions.  The use of extensions is what allows the FHIR specification to retain a core simplicity for everyone."/>
        <synonym value="extensions"/>
        <synonym value="user content"/>
        <min value="0"/>
        <max value="*"/>
        <type>
          <code value="Extension"/>
        </type>
        <isModifier value="false"/>
      </definition>
    </element>
    <element>
      <path value="ImagingStudy.text"/>
      <definition>
        <short value="Text summary of the resource, for human interpretation"/>
        <formal value="A human-readable narrative that contains a summary of the resource, and may be used to represent the content of the resource to a human. The narrative need not encode all the structured data, but is required to contain sufficient detail to make it &quot;clinically safe&quot; for a human to just read the narrative. Resource definitions may define what content should be represented in the narrative to ensure clinical safety."/>
        <comments value="Contained resources do not have narrative. Resources that are not contained SHOULD have a narrative."/>
        <synonym value="narrative"/>
        <synonym value="html"/>
        <synonym value="xhtml"/>
        <synonym value="display"/>
        <min value="0"/>
        <max value="1"/>
        <type>
          <code value="Narrative"/>
        </type>
        <isModifier value="false"/>
      </definition>
    </element>
    <element>
      <path value="ImagingStudy.contained"/>
      <definition>
        <short value="Contained, inline Resources"/>
        <formal value="These resources do not have an independent existence apart from the resource that contains them - they cannot be identified independently, and nor can they have their own independent transaction scope."/>
        <comments value="This should never be done when the content can be identified properly, as once identification is lost, it is extremely difficult (and context dependent) to restore it again."/>
        <synonym value="inline resources"/>
        <synonym value="anonymous resources"/>
        <synonym value="contained resources"/>
        <min value="0"/>
        <max value="*"/>
        <type>
          <code value="Resource"/>
        </type>
        <isModifier value="false"/>
      </definition>
    </element>
    <element>
      <path value="ImagingStudy.dateTime"/>
      <definition>
        <short value="When the study was performed"/>
        <formal value="Date and Time the study took place."/>
        <min value="0"/>
        <max value="1"/>
        <type>
          <code value="dateTime"/>
        </type>
        <isModifier value="false"/>
        <mapping>
          <identity value="dicom"/>
          <map value="0008,0020+0008,0030"/>
        </mapping>
      </definition>
    </element>
    <element>
      <path value="ImagingStudy.dateTime.extension"/>
      <definition>
        <short value="Additional Content defined by implementations"/>
        <formal value="May be used to represent additional information that is not part of the basic definition of the resource. In order to make the use of extensions safe and manageable, there is a strict governance applied to the definition and use of extensions. Though any implementer is allowed to define an extension, there is a set of requirements that SHALL be met as part of the definition of the extension."/>
        <comments value="there can be no stigma associated with the use of extensions by any application, project, or standard - regardless of the institution or jurisdiction that uses or defines the extensions.  The use of extensions is what allows the FHIR specification to retain a core simplicity for everyone."/>
        <synonym value="extensions"/>
        <synonym value="user content"/>
        <min value="0"/>
        <max value="*"/>
        <type>
          <code value="Extension"/>
        </type>
        <isModifier value="false"/>
      </definition>
    </element>
    <element>
      <path value="ImagingStudy.subject"/>
      <definition>
        <short value="Who the images are of"/>
        <formal value="Who the images are of."/>
        <min value="1"/>
        <max value="1"/>
        <type>
          <code value="Resource(Patient)"/>
        </type>
        <isModifier value="false"/>
        <mapping>
          <identity value="dicom"/>
          <map value="0010/*"/>
        </mapping>
      </definition>
    </element>
    <element>
      <path value="ImagingStudy.subject.extension"/>
      <definition>
        <short value="Additional Content defined by implementations"/>
        <formal value="May be used to represent additional information that is not part of the basic definition of the resource. In order to make the use of extensions safe and manageable, there is a strict governance applied to the definition and use of extensions. Though any implementer is allowed to define an extension, there is a set of requirements that SHALL be met as part of the definition of the extension."/>
        <comments value="there can be no stigma associated with the use of extensions by any application, project, or standard - regardless of the institution or jurisdiction that uses or defines the extensions.  The use of extensions is what allows the FHIR specification to retain a core simplicity for everyone."/>
        <synonym value="extensions"/>
        <synonym value="user content"/>
        <min value="0"/>
        <max value="*"/>
        <type>
          <code value="Extension"/>
        </type>
        <isModifier value="false"/>
      </definition>
    </element>
    <element>
      <path value="ImagingStudy.uid"/>
      <definition>
        <short value="Formal identifier for the study (0020,000D)"/>
        <formal value="Formal identifier for the study."/>
        <min value="1"/>
        <max value="1"/>
        <type>
          <code value="oid"/>
        </type>
        <isModifier value="false"/>
        <mapping>
          <identity value="dicom"/>
          <map value="0020,000D"/>
        </mapping>
      </definition>
    </element>
    <element>
      <path value="ImagingStudy.uid.extension"/>
      <definition>
        <short value="Additional Content defined by implementations"/>
        <formal value="May be used to represent additional information that is not part of the basic definition of the resource. In order to make the use of extensions safe and manageable, there is a strict governance applied to the definition and use of extensions. Though any implementer is allowed to define an extension, there is a set of requirements that SHALL be met as part of the definition of the extension."/>
        <comments value="there can be no stigma associated with the use of extensions by any application, project, or standard - regardless of the institution or jurisdiction that uses or defines the extensions.  The use of extensions is what allows the FHIR specification to retain a core simplicity for everyone."/>
        <synonym value="extensions"/>
        <synonym value="user content"/>
        <min value="0"/>
        <max value="*"/>
        <type>
          <code value="Extension"/>
        </type>
        <isModifier value="false"/>
      </definition>
    </element>
    <element>
      <path value="ImagingStudy.accessionNo"/>
      <definition>
        <short value="Accession Number (0008,0050)"/>
        <formal value="Accession Number."/>
        <min value="0"/>
        <max value="1"/>
        <type>
          <code value="Identifier"/>
        </type>
        <isModifier value="false"/>
        <mapping>
          <identity value="dicom"/>
          <map value="0008,0050"/>
        </mapping>
      </definition>
    </element>
    <element>
      <path value="ImagingStudy.accessionNo.extension"/>
      <definition>
        <short value="Additional Content defined by implementations"/>
        <formal value="May be used to represent additional information that is not part of the basic definition of the resource. In order to make the use of extensions safe and manageable, there is a strict governance applied to the definition and use of extensions. Though any implementer is allowed to define an extension, there is a set of requirements that SHALL be met as part of the definition of the extension."/>
        <comments value="there can be no stigma associated with the use of extensions by any application, project, or standard - regardless of the institution or jurisdiction that uses or defines the extensions.  The use of extensions is what allows the FHIR specification to retain a core simplicity for everyone."/>
        <synonym value="extensions"/>
        <synonym value="user content"/>
        <min value="0"/>
        <max value="*"/>
        <type>
          <code value="Extension"/>
        </type>
        <isModifier value="false"/>
      </definition>
    </element>
    <element>
      <path value="ImagingStudy.identifier"/>
      <definition>
        <short value="Other identifiers for the study (0020,0010)"/>
        <formal value="Other identifiers for the study."/>
        <min value="0"/>
        <max value="*"/>
        <type>
          <code value="Identifier"/>
        </type>
        <isModifier value="false"/>
        <mapping>
          <identity value="dicom"/>
          <map value="0020,0010"/>
        </mapping>
      </definition>
    </element>
    <element>
      <path value="ImagingStudy.identifier.extension"/>
      <definition>
        <short value="Additional Content defined by implementations"/>
        <formal value="May be used to represent additional information that is not part of the basic definition of the resource. In order to make the use of extensions safe and manageable, there is a strict governance applied to the definition and use of extensions. Though any implementer is allowed to define an extension, there is a set of requirements that SHALL be met as part of the definition of the extension."/>
        <comments value="there can be no stigma associated with the use of extensions by any application, project, or standard - regardless of the institution or jurisdiction that uses or defines the extensions.  The use of extensions is what allows the FHIR specification to retain a core simplicity for everyone."/>
        <synonym value="extensions"/>
        <synonym value="user content"/>
        <min value="0"/>
        <max value="*"/>
        <type>
          <code value="Extension"/>
        </type>
        <isModifier value="false"/>
      </definition>
    </element>
    <element>
      <path value="ImagingStudy.order"/>
      <definition>
        <short value="Order(s) that caused this study to be performed"/>
        <formal value="A list of the diagnostic orders that resulted in this imaging study being performed."/>
        <comments value="The order(s) can be inferred from information such as accession numbers, but the details of this depend on local workflow management. 
Note that there is a many-many relationship between orders and studies."/>
        <min value="0"/>
        <max value="*"/>
        <type>
          <code value="Resource(DiagnosticOrder)"/>
        </type>
        <isModifier value="false"/>
      </definition>
    </element>
    <element>
      <path value="ImagingStudy.order.extension"/>
      <definition>
        <short value="Additional Content defined by implementations"/>
        <formal value="May be used to represent additional information that is not part of the basic definition of the resource. In order to make the use of extensions safe and manageable, there is a strict governance applied to the definition and use of extensions. Though any implementer is allowed to define an extension, there is a set of requirements that SHALL be met as part of the definition of the extension."/>
        <comments value="there can be no stigma associated with the use of extensions by any application, project, or standard - regardless of the institution or jurisdiction that uses or defines the extensions.  The use of extensions is what allows the FHIR specification to retain a core simplicity for everyone."/>
        <synonym value="extensions"/>
        <synonym value="user content"/>
        <min value="0"/>
        <max value="*"/>
        <type>
          <code value="Extension"/>
        </type>
        <isModifier value="false"/>
      </definition>
    </element>
    <element>
      <path value="ImagingStudy.modality"/>
      <definition>
        <short value="All series.modality if actual acquisition modalities"/>
        <formal value="A list of all the Series.ImageModality values that are actual acquisition modalities, i.e. those in the DICOM Context Group 29 (value set OID 1.2.840.10008.6.1.19)."/>
        <min value="0"/>
        <max value="*"/>
        <type>
          <code value="code"/>
        </type>
        <isModifier value="false"/>
        <binding>
          <name value="ImagingModality"/>
          <isExtensible value="false"/>
          <conformance value="required"/>
          <referenceResource>
            <reference value="http://hl7.org/fhir/vs/imaging-modality"/>
          </referenceResource>
        </binding>
        <mapping>
          <identity value="dicom"/>
          <map value="0008,0061"/>
        </mapping>
      </definition>
    </element>
    <element>
      <path value="ImagingStudy.modality.extension"/>
      <definition>
        <short value="Additional Content defined by implementations"/>
        <formal value="May be used to represent additional information that is not part of the basic definition of the resource. In order to make the use of extensions safe and manageable, there is a strict governance applied to the definition and use of extensions. Though any implementer is allowed to define an extension, there is a set of requirements that SHALL be met as part of the definition of the extension."/>
        <comments value="there can be no stigma associated with the use of extensions by any application, project, or standard - regardless of the institution or jurisdiction that uses or defines the extensions.  The use of extensions is what allows the FHIR specification to retain a core simplicity for everyone."/>
        <synonym value="extensions"/>
        <synonym value="user content"/>
        <min value="0"/>
        <max value="*"/>
        <type>
          <code value="Extension"/>
        </type>
        <isModifier value="false"/>
      </definition>
    </element>
    <element>
      <path value="ImagingStudy.referrer"/>
      <definition>
        <short value="Referring physician (0008,0090)"/>
        <formal value="The requesting/referring physician."/>
        <min value="0"/>
        <max value="1"/>
        <type>
          <code value="Resource(Practitioner)"/>
        </type>
        <isModifier value="false"/>
        <mapping>
          <identity value="dicom"/>
          <map value="0008,0090"/>
        </mapping>
      </definition>
    </element>
    <element>
      <path value="ImagingStudy.referrer.extension"/>
      <definition>
        <short value="Additional Content defined by implementations"/>
        <formal value="May be used to represent additional information that is not part of the basic definition of the resource. In order to make the use of extensions safe and manageable, there is a strict governance applied to the definition and use of extensions. Though any implementer is allowed to define an extension, there is a set of requirements that SHALL be met as part of the definition of the extension."/>
        <comments value="there can be no stigma associated with the use of extensions by any application, project, or standard - regardless of the institution or jurisdiction that uses or defines the extensions.  The use of extensions is what allows the FHIR specification to retain a core simplicity for everyone."/>
        <synonym value="extensions"/>
        <synonym value="user content"/>
        <min value="0"/>
        <max value="*"/>
        <type>
          <code value="Extension"/>
        </type>
        <isModifier value="false"/>
      </definition>
    </element>
    <element>
      <path value="ImagingStudy.availability"/>
      <definition>
        <short value="ONLINE | OFFLINE | NEARLINE | UNAVAILABLE (0008,0056)"/>
        <formal value="Availability of study (online, offline or nearline)."/>
        <min value="0"/>
        <max value="1"/>
        <type>
          <code value="code"/>
        </type>
        <isModifier value="false"/>
        <binding>
          <name value="InstanceAvailability"/>
          <isExtensible value="false"/>
          <conformance value="required"/>
          <referenceResource>
            <reference value="http://hl7.org/fhir/vs/instance-availability"/>
          </referenceResource>
        </binding>
        <mapping>
          <identity value="dicom"/>
          <map value="0008,0056"/>
        </mapping>
      </definition>
    </element>
    <element>
      <path value="ImagingStudy.availability.extension"/>
      <definition>
        <short value="Additional Content defined by implementations"/>
        <formal value="May be used to represent additional information that is not part of the basic definition of the resource. In order to make the use of extensions safe and manageable, there is a strict governance applied to the definition and use of extensions. Though any implementer is allowed to define an extension, there is a set of requirements that SHALL be met as part of the definition of the extension."/>
        <comments value="there can be no stigma associated with the use of extensions by any application, project, or standard - regardless of the institution or jurisdiction that uses or defines the extensions.  The use of extensions is what allows the FHIR specification to retain a core simplicity for everyone."/>
        <synonym value="extensions"/>
        <synonym value="user content"/>
        <min value="0"/>
        <max value="*"/>
        <type>
          <code value="Extension"/>
        </type>
        <isModifier value="false"/>
      </definition>
    </element>
    <element>
      <path value="ImagingStudy.url"/>
      <definition>
        <short value="Retrieve URI (0008,1190)"/>
        <formal value="WADO-RS URI where Study is available."/>
        <min value="0"/>
        <max value="1"/>
        <type>
          <code value="uri"/>
        </type>
        <isModifier value="false"/>
        <mapping>
          <identity value="dicom"/>
          <map value="0008,1190"/>
        </mapping>
      </definition>
    </element>
    <element>
      <path value="ImagingStudy.url.extension"/>
      <definition>
        <short value="Additional Content defined by implementations"/>
        <formal value="May be used to represent additional information that is not part of the basic definition of the resource. In order to make the use of extensions safe and manageable, there is a strict governance applied to the definition and use of extensions. Though any implementer is allowed to define an extension, there is a set of requirements that SHALL be met as part of the definition of the extension."/>
        <comments value="there can be no stigma associated with the use of extensions by any application, project, or standard - regardless of the institution or jurisdiction that uses or defines the extensions.  The use of extensions is what allows the FHIR specification to retain a core simplicity for everyone."/>
        <synonym value="extensions"/>
        <synonym value="user content"/>
        <min value="0"/>
        <max value="*"/>
        <type>
          <code value="Extension"/>
        </type>
        <isModifier value="false"/>
      </definition>
    </element>
    <element>
      <path value="ImagingStudy.numberOfSeries"/>
      <definition>
        <short value="Number of Study Related Series (0020,1206)"/>
        <formal value="Number of Series in Study."/>
        <min value="1"/>
        <max value="1"/>
        <type>
          <code value="integer"/>
        </type>
        <isModifier value="false"/>
        <mapping>
          <identity value="dicom"/>
          <map value="(0020,1206)"/>
        </mapping>
      </definition>
    </element>
    <element>
      <path value="ImagingStudy.numberOfSeries.extension"/>
      <definition>
        <short value="Additional Content defined by implementations"/>
        <formal value="May be used to represent additional information that is not part of the basic definition of the resource. In order to make the use of extensions safe and manageable, there is a strict governance applied to the definition and use of extensions. Though any implementer is allowed to define an extension, there is a set of requirements that SHALL be met as part of the definition of the extension."/>
        <comments value="there can be no stigma associated with the use of extensions by any application, project, or standard - regardless of the institution or jurisdiction that uses or defines the extensions.  The use of extensions is what allows the FHIR specification to retain a core simplicity for everyone."/>
        <synonym value="extensions"/>
        <synonym value="user content"/>
        <min value="0"/>
        <max value="*"/>
        <type>
          <code value="Extension"/>
        </type>
        <isModifier value="false"/>
      </definition>
    </element>
    <element>
      <path value="ImagingStudy.numberOfInstances"/>
      <definition>
        <short value="Number of Study Related Instances (0020,1208)"/>
        <formal value="Number of SOP Instances in Study."/>
        <min value="1"/>
        <max value="1"/>
        <type>
          <code value="integer"/>
        </type>
        <isModifier value="false"/>
        <mapping>
          <identity value="dicom"/>
          <map value="(0020,1208)"/>
        </mapping>
      </definition>
    </element>
    <element>
      <path value="ImagingStudy.numberOfInstances.extension"/>
      <definition>
        <short value="Additional Content defined by implementations"/>
        <formal value="May be used to represent additional information that is not part of the basic definition of the resource. In order to make the use of extensions safe and manageable, there is a strict governance applied to the definition and use of extensions. Though any implementer is allowed to define an extension, there is a set of requirements that SHALL be met as part of the definition of the extension."/>
        <comments value="there can be no stigma associated with the use of extensions by any application, project, or standard - regardless of the institution or jurisdiction that uses or defines the extensions.  The use of extensions is what allows the FHIR specification to retain a core simplicity for everyone."/>
        <synonym value="extensions"/>
        <synonym value="user content"/>
        <min value="0"/>
        <max value="*"/>
        <type>
          <code value="Extension"/>
        </type>
        <isModifier value="false"/>
      </definition>
    </element>
    <element>
      <path value="ImagingStudy.clinicalInformation"/>
      <definition>
        <short value="Diagnoses etc with request (0040,1002)"/>
        <formal value="Diagnoses etc provided with request."/>
        <min value="0"/>
        <max value="1"/>
        <type>
          <code value="string"/>
        </type>
        <isModifier value="false"/>
        <mapping>
          <identity value="dicom"/>
          <map value="0040,1002, 0008,1080"/>
        </mapping>
      </definition>
    </element>
    <element>
      <path value="ImagingStudy.clinicalInformation.extension"/>
      <definition>
        <short value="Additional Content defined by implementations"/>
        <formal value="May be used to represent additional information that is not part of the basic definition of the resource. In order to make the use of extensions safe and manageable, there is a strict governance applied to the definition and use of extensions. Though any implementer is allowed to define an extension, there is a set of requirements that SHALL be met as part of the definition of the extension."/>
        <comments value="there can be no stigma associated with the use of extensions by any application, project, or standard - regardless of the institution or jurisdiction that uses or defines the extensions.  The use of extensions is what allows the FHIR specification to retain a core simplicity for everyone."/>
        <synonym value="extensions"/>
        <synonym value="user content"/>
        <min value="0"/>
        <max value="*"/>
        <type>
          <code value="Extension"/>
        </type>
        <isModifier value="false"/>
      </definition>
    </element>
    <element>
      <path value="ImagingStudy.procedure"/>
      <definition>
        <short value="Type of procedure performed (0008,1032)"/>
        <formal value="Type of procedure performed."/>
        <min value="0"/>
        <max value="*"/>
        <type>
          <code value="Coding"/>
        </type>
        <isModifier value="false"/>
        <mapping>
          <identity value="dicom"/>
          <map value="0008,1032"/>
        </mapping>
      </definition>
    </element>
    <element>
      <path value="ImagingStudy.procedure.extension"/>
      <definition>
        <short value="Additional Content defined by implementations"/>
        <formal value="May be used to represent additional information that is not part of the basic definition of the resource. In order to make the use of extensions safe and manageable, there is a strict governance applied to the definition and use of extensions. Though any implementer is allowed to define an extension, there is a set of requirements that SHALL be met as part of the definition of the extension."/>
        <comments value="there can be no stigma associated with the use of extensions by any application, project, or standard - regardless of the institution or jurisdiction that uses or defines the extensions.  The use of extensions is what allows the FHIR specification to retain a core simplicity for everyone."/>
        <synonym value="extensions"/>
        <synonym value="user content"/>
        <min value="0"/>
        <max value="*"/>
        <type>
          <code value="Extension"/>
        </type>
        <isModifier value="false"/>
      </definition>
    </element>
    <element>
      <path value="ImagingStudy.interpreter"/>
      <definition>
        <short value="Who interpreted images (0008,1060)"/>
        <formal value="Who read study and interpreted the images."/>
        <comments value="or is this 4008,010C?."/>
        <min value="0"/>
        <max value="1"/>
        <type>
          <code value="Resource(Practitioner)"/>
        </type>
        <isModifier value="false"/>
        <mapping>
          <identity value="dicom"/>
          <map value="0008,1060"/>
        </mapping>
      </definition>
    </element>
    <element>
      <path value="ImagingStudy.interpreter.extension"/>
      <definition>
        <short value="Additional Content defined by implementations"/>
        <formal value="May be used to represent additional information that is not part of the basic definition of the resource. In order to make the use of extensions safe and manageable, there is a strict governance applied to the definition and use of extensions. Though any implementer is allowed to define an extension, there is a set of requirements that SHALL be met as part of the definition of the extension."/>
        <comments value="there can be no stigma associated with the use of extensions by any application, project, or standard - regardless of the institution or jurisdiction that uses or defines the extensions.  The use of extensions is what allows the FHIR specification to retain a core simplicity for everyone."/>
        <synonym value="extensions"/>
        <synonym value="user content"/>
        <min value="0"/>
        <max value="*"/>
        <type>
          <code value="Extension"/>
        </type>
        <isModifier value="false"/>
      </definition>
    </element>
    <element>
      <path value="ImagingStudy.description"/>
      <definition>
        <short value="Institution-generated description (0008,1030)"/>
        <formal value="Institution-generated description or classification of the Study (component) performed."/>
        <min value="0"/>
        <max value="1"/>
        <type>
          <code value="string"/>
        </type>
        <isModifier value="false"/>
        <mapping>
          <identity value="dicom"/>
          <map value="0008,1030"/>
        </mapping>
      </definition>
    </element>
    <element>
      <path value="ImagingStudy.description.extension"/>
      <definition>
        <short value="Additional Content defined by implementations"/>
        <formal value="May be used to represent additional information that is not part of the basic definition of the resource. In order to make the use of extensions safe and manageable, there is a strict governance applied to the definition and use of extensions. Though any implementer is allowed to define an extension, there is a set of requirements that SHALL be met as part of the definition of the extension."/>
        <comments value="there can be no stigma associated with the use of extensions by any application, project, or standard - regardless of the institution or jurisdiction that uses or defines the extensions.  The use of extensions is what allows the FHIR specification to retain a core simplicity for everyone."/>
        <synonym value="extensions"/>
        <synonym value="user content"/>
        <min value="0"/>
        <max value="*"/>
        <type>
          <code value="Extension"/>
        </type>
        <isModifier value="false"/>
      </definition>
    </element>
    <element>
      <path value="ImagingStudy.series"/>
      <definition>
        <short value="Each study has one or more series of instances"/>
        <formal value="Each study has one or more series of image instances."/>
        <min value="0"/>
        <max value="*"/>
        <isModifier value="false"/>
      </definition>
    </element>
    <element>
      <path value="ImagingStudy.series.modifierExtension"/>
      <definition>
        <short value="Extensions that cannot be ignored"/>
        <formal value="May be used to represent additional information that is not part of the basic definition of the resource, and that modifies the understanding of the element that contains it. Usually modifier elements provide negation or qualification. In order to make the use of extensions safe and manageable, there is a strict governance applied to the definition and use of extensions. Though any implementer is allowed to define an extension, there is a set of requirements that SHALL be met as part of the definition of the extension. Applications processing a resource are required to check for modifier extensions."/>
        <comments value="there can be no stigma associated with the use of extensions by any application, project, or standard - regardless of the institution or jurisdiction that uses or defines the extensions.  The use of extensions is what allows the FHIR specification to retain a core simplicity for everyone."/>
        <synonym value="extensions"/>
        <synonym value="user content"/>
        <min value="0"/>
        <max value="*"/>
        <type>
          <code value="Extension"/>
        </type>
        <isModifier value="false"/>
      </definition>
    </element>
    <element>
      <path value="ImagingStudy.series.number"/>
      <definition>
        <short value="Number of this series in overall sequence (0020,0011)"/>
        <formal value="The number of this series in the overall sequence."/>
        <min value="0"/>
        <max value="1"/>
        <type>
          <code value="integer"/>
        </type>
        <isModifier value="false"/>
        <mapping>
          <identity value="dicom"/>
          <map value="0020,0011"/>
        </mapping>
      </definition>
    </element>
    <element>
      <path value="ImagingStudy.series.number.extension"/>
      <definition>
        <short value="Additional Content defined by implementations"/>
        <formal value="May be used to represent additional information that is not part of the basic definition of the resource. In order to make the use of extensions safe and manageable, there is a strict governance applied to the definition and use of extensions. Though any implementer is allowed to define an extension, there is a set of requirements that SHALL be met as part of the definition of the extension."/>
        <comments value="there can be no stigma associated with the use of extensions by any application, project, or standard - regardless of the institution or jurisdiction that uses or defines the extensions.  The use of extensions is what allows the FHIR specification to retain a core simplicity for everyone."/>
        <synonym value="extensions"/>
        <synonym value="user content"/>
        <min value="0"/>
        <max value="*"/>
        <type>
          <code value="Extension"/>
        </type>
        <isModifier value="false"/>
      </definition>
    </element>
    <element>
      <path value="ImagingStudy.series.modality"/>
      <definition>
        <short value="The modality of the instances in the series (0008,0060)"/>
        <formal value="The modality of this series sequence."/>
        <min value="1"/>
        <max value="1"/>
        <type>
          <code value="code"/>
        </type>
        <isModifier value="false"/>
        <binding>
          <name value="Modality"/>
          <isExtensible value="false"/>
          <conformance value="required"/>
          <referenceResource>
            <reference value="http://hl7.org/fhir/vs/modality"/>
          </referenceResource>
        </binding>
        <mapping>
          <identity value="dicom"/>
          <map value="0008,0060"/>
        </mapping>
      </definition>
    </element>
    <element>
      <path value="ImagingStudy.series.modality.extension"/>
      <definition>
        <short value="Additional Content defined by implementations"/>
        <formal value="May be used to represent additional information that is not part of the basic definition of the resource. In order to make the use of extensions safe and manageable, there is a strict governance applied to the definition and use of extensions. Though any implementer is allowed to define an extension, there is a set of requirements that SHALL be met as part of the definition of the extension."/>
        <comments value="there can be no stigma associated with the use of extensions by any application, project, or standard - regardless of the institution or jurisdiction that uses or defines the extensions.  The use of extensions is what allows the FHIR specification to retain a core simplicity for everyone."/>
        <synonym value="extensions"/>
        <synonym value="user content"/>
        <min value="0"/>
        <max value="*"/>
        <type>
          <code value="Extension"/>
        </type>
        <isModifier value="false"/>
      </definition>
    </element>
    <element>
      <path value="ImagingStudy.series.uid"/>
      <definition>
        <short value="Formal identifier for this series (0020,000E)"/>
        <formal value="Formal identifier for this series."/>
        <min value="1"/>
        <max value="1"/>
        <type>
          <code value="oid"/>
        </type>
        <isModifier value="false"/>
        <mapping>
          <identity value="dicom"/>
          <map value="0020,000E"/>
        </mapping>
      </definition>
    </element>
    <element>
      <path value="ImagingStudy.series.uid.extension"/>
      <definition>
        <short value="Additional Content defined by implementations"/>
        <formal value="May be used to represent additional information that is not part of the basic definition of the resource. In order to make the use of extensions safe and manageable, there is a strict governance applied to the definition and use of extensions. Though any implementer is allowed to define an extension, there is a set of requirements that SHALL be met as part of the definition of the extension."/>
        <comments value="there can be no stigma associated with the use of extensions by any application, project, or standard - regardless of the institution or jurisdiction that uses or defines the extensions.  The use of extensions is what allows the FHIR specification to retain a core simplicity for everyone."/>
        <synonym value="extensions"/>
        <synonym value="user content"/>
        <min value="0"/>
        <max value="*"/>
        <type>
          <code value="Extension"/>
        </type>
        <isModifier value="false"/>
      </definition>
    </element>
    <element>
      <path value="ImagingStudy.series.description"/>
      <definition>
        <short value="A description of the series (0008,103E)"/>
        <formal value="A description of the series."/>
        <min value="0"/>
        <max value="1"/>
        <type>
          <code value="string"/>
        </type>
        <isModifier value="false"/>
        <mapping>
          <identity value="dicom"/>
          <map value="0008,103E"/>
        </mapping>
      </definition>
    </element>
    <element>
      <path value="ImagingStudy.series.description.extension"/>
      <definition>
        <short value="Additional Content defined by implementations"/>
        <formal value="May be used to represent additional information that is not part of the basic definition of the resource. In order to make the use of extensions safe and manageable, there is a strict governance applied to the definition and use of extensions. Though any implementer is allowed to define an extension, there is a set of requirements that SHALL be met as part of the definition of the extension."/>
        <comments value="there can be no stigma associated with the use of extensions by any application, project, or standard - regardless of the institution or jurisdiction that uses or defines the extensions.  The use of extensions is what allows the FHIR specification to retain a core simplicity for everyone."/>
        <synonym value="extensions"/>
        <synonym value="user content"/>
        <min value="0"/>
        <max value="*"/>
        <type>
          <code value="Extension"/>
        </type>
        <isModifier value="false"/>
      </definition>
    </element>
    <element>
      <path value="ImagingStudy.series.numberOfInstances"/>
      <definition>
        <short value="Number of Series Related Instances (0020,1209)"/>
        <formal value="Sequence that contains attributes from the."/>
        <min value="1"/>
        <max value="1"/>
        <type>
          <code value="integer"/>
        </type>
        <isModifier value="false"/>
        <mapping>
          <identity value="dicom"/>
          <map value="0020,1209"/>
        </mapping>
      </definition>
    </element>
    <element>
      <path value="ImagingStudy.series.numberOfInstances.extension"/>
      <definition>
        <short value="Additional Content defined by implementations"/>
        <formal value="May be used to represent additional information that is not part of the basic definition of the resource. In order to make the use of extensions safe and manageable, there is a strict governance applied to the definition and use of extensions. Though any implementer is allowed to define an extension, there is a set of requirements that SHALL be met as part of the definition of the extension."/>
        <comments value="there can be no stigma associated with the use of extensions by any application, project, or standard - regardless of the institution or jurisdiction that uses or defines the extensions.  The use of extensions is what allows the FHIR specification to retain a core simplicity for everyone."/>
        <synonym value="extensions"/>
        <synonym value="user content"/>
        <min value="0"/>
        <max value="*"/>
        <type>
          <code value="Extension"/>
        </type>
        <isModifier value="false"/>
      </definition>
    </element>
    <element>
      <path value="ImagingStudy.series.availability"/>
      <definition>
        <short value="ONLINE | OFFLINE | NEARLINE | UNAVAILABLE (0008,0056)"/>
        <formal value="Availability of series (online, offline or nearline)."/>
        <min value="0"/>
        <max value="1"/>
        <type>
          <code value="code"/>
        </type>
        <isModifier value="false"/>
        <binding>
          <name value="InstanceAvailability"/>
          <isExtensible value="false"/>
          <conformance value="required"/>
          <referenceResource>
            <reference value="http://hl7.org/fhir/vs/instance-availability"/>
          </referenceResource>
        </binding>
        <mapping>
          <identity value="dicom"/>
          <map value="0008,0056"/>
        </mapping>
      </definition>
    </element>
    <element>
      <path value="ImagingStudy.series.availability.extension"/>
      <definition>
        <short value="Additional Content defined by implementations"/>
        <formal value="May be used to represent additional information that is not part of the basic definition of the resource. In order to make the use of extensions safe and manageable, there is a strict governance applied to the definition and use of extensions. Though any implementer is allowed to define an extension, there is a set of requirements that SHALL be met as part of the definition of the extension."/>
        <comments value="there can be no stigma associated with the use of extensions by any application, project, or standard - regardless of the institution or jurisdiction that uses or defines the extensions.  The use of extensions is what allows the FHIR specification to retain a core simplicity for everyone."/>
        <synonym value="extensions"/>
        <synonym value="user content"/>
        <min value="0"/>
        <max value="*"/>
        <type>
          <code value="Extension"/>
        </type>
        <isModifier value="false"/>
      </definition>
    </element>
    <element>
      <path value="ImagingStudy.series.url"/>
      <definition>
        <short value="Retrieve URI (0008,1115 &gt; 0008,1190)"/>
        <formal value="WADO-RS URI where Series is available."/>
        <min value="0"/>
        <max value="1"/>
        <type>
          <code value="uri"/>
        </type>
        <isModifier value="false"/>
        <mapping>
          <identity value="dicom"/>
          <map value="0008,1115 &gt; 0008,1190"/>
        </mapping>
      </definition>
    </element>
    <element>
      <path value="ImagingStudy.series.url.extension"/>
      <definition>
        <short value="Additional Content defined by implementations"/>
        <formal value="May be used to represent additional information that is not part of the basic definition of the resource. In order to make the use of extensions safe and manageable, there is a strict governance applied to the definition and use of extensions. Though any implementer is allowed to define an extension, there is a set of requirements that SHALL be met as part of the definition of the extension."/>
        <comments value="there can be no stigma associated with the use of extensions by any application, project, or standard - regardless of the institution or jurisdiction that uses or defines the extensions.  The use of extensions is what allows the FHIR specification to retain a core simplicity for everyone."/>
        <synonym value="extensions"/>
        <synonym value="user content"/>
        <min value="0"/>
        <max value="*"/>
        <type>
          <code value="Extension"/>
        </type>
        <isModifier value="false"/>
      </definition>
    </element>
    <element>
      <path value="ImagingStudy.series.bodySite"/>
      <definition>
        <short value="Body part examined (Map from 0018,0015)"/>
        <formal value="Body part examined. See  DICOM Part 16 Annex L for the mapping from DICOM to Snomed."/>
        <min value="0"/>
        <max value="1"/>
        <type>
          <code value="Coding"/>
        </type>
        <isModifier value="false"/>
        <binding>
          <name value="BodySite"/>
          <isExtensible value="true"/>
          <conformance value="example"/>
          <referenceResource>
            <reference value="http://hl7.org/fhir/vs/body-site"/>
          </referenceResource>
        </binding>
        <mapping>
          <identity value="dicom"/>
          <map value="0018,0015"/>
        </mapping>
      </definition>
    </element>
    <element>
      <path value="ImagingStudy.series.bodySite.extension"/>
      <definition>
        <short value="Additional Content defined by implementations"/>
        <formal value="May be used to represent additional information that is not part of the basic definition of the resource. In order to make the use of extensions safe and manageable, there is a strict governance applied to the definition and use of extensions. Though any implementer is allowed to define an extension, there is a set of requirements that SHALL be met as part of the definition of the extension."/>
        <comments value="there can be no stigma associated with the use of extensions by any application, project, or standard - regardless of the institution or jurisdiction that uses or defines the extensions.  The use of extensions is what allows the FHIR specification to retain a core simplicity for everyone."/>
        <synonym value="extensions"/>
        <synonym value="user content"/>
        <min value="0"/>
        <max value="*"/>
        <type>
          <code value="Extension"/>
        </type>
        <isModifier value="false"/>
      </definition>
    </element>
    <element>
      <path value="ImagingStudy.series.dateTime"/>
      <definition>
        <short value="When the series started"/>
        <formal value="When the series started."/>
        <min value="0"/>
        <max value="1"/>
        <type>
          <code value="dateTime"/>
        </type>
        <isModifier value="false"/>
      </definition>
    </element>
    <element>
      <path value="ImagingStudy.series.dateTime.extension"/>
      <definition>
        <short value="Additional Content defined by implementations"/>
        <formal value="May be used to represent additional information that is not part of the basic definition of the resource. In order to make the use of extensions safe and manageable, there is a strict governance applied to the definition and use of extensions. Though any implementer is allowed to define an extension, there is a set of requirements that SHALL be met as part of the definition of the extension."/>
        <comments value="there can be no stigma associated with the use of extensions by any application, project, or standard - regardless of the institution or jurisdiction that uses or defines the extensions.  The use of extensions is what allows the FHIR specification to retain a core simplicity for everyone."/>
        <synonym value="extensions"/>
        <synonym value="user content"/>
        <min value="0"/>
        <max value="*"/>
        <type>
          <code value="Extension"/>
        </type>
        <isModifier value="false"/>
      </definition>
    </element>
    <element>
      <path value="ImagingStudy.series.instance"/>
      <definition>
        <short value="A single instance taken from a patient (image or other)"/>
        <formal value="A single image taken from a patient."/>
        <min value="1"/>
        <max value="*"/>
        <isModifier value="false"/>
      </definition>
    </element>
    <element>
      <path value="ImagingStudy.series.instance.modifierExtension"/>
      <definition>
        <short value="Extensions that cannot be ignored"/>
        <formal value="May be used to represent additional information that is not part of the basic definition of the resource, and that modifies the understanding of the element that contains it. Usually modifier elements provide negation or qualification. In order to make the use of extensions safe and manageable, there is a strict governance applied to the definition and use of extensions. Though any implementer is allowed to define an extension, there is a set of requirements that SHALL be met as part of the definition of the extension. Applications processing a resource are required to check for modifier extensions."/>
        <comments value="there can be no stigma associated with the use of extensions by any application, project, or standard - regardless of the institution or jurisdiction that uses or defines the extensions.  The use of extensions is what allows the FHIR specification to retain a core simplicity for everyone."/>
        <synonym value="extensions"/>
        <synonym value="user content"/>
        <min value="0"/>
        <max value="*"/>
        <type>
          <code value="Extension"/>
        </type>
        <isModifier value="false"/>
      </definition>
    </element>
    <element>
      <path value="ImagingStudy.series.instance.number"/>
      <definition>
        <short value="The number of this instance in the series (0020,0013)"/>
        <formal value="The number of this image in the series."/>
        <min value="0"/>
        <max value="1"/>
        <type>
          <code value="integer"/>
        </type>
        <isModifier value="false"/>
        <mapping>
          <identity value="dicom"/>
          <map value="0020,0013"/>
        </mapping>
      </definition>
    </element>
    <element>
      <path value="ImagingStudy.series.instance.number.extension"/>
      <definition>
        <short value="Additional Content defined by implementations"/>
        <formal value="May be used to represent additional information that is not part of the basic definition of the resource. In order to make the use of extensions safe and manageable, there is a strict governance applied to the definition and use of extensions. Though any implementer is allowed to define an extension, there is a set of requirements that SHALL be met as part of the definition of the extension."/>
        <comments value="there can be no stigma associated with the use of extensions by any application, project, or standard - regardless of the institution or jurisdiction that uses or defines the extensions.  The use of extensions is what allows the FHIR specification to retain a core simplicity for everyone."/>
        <synonym value="extensions"/>
        <synonym value="user content"/>
        <min value="0"/>
        <max value="*"/>
        <type>
          <code value="Extension"/>
        </type>
        <isModifier value="false"/>
      </definition>
    </element>
    <element>
      <path value="ImagingStudy.series.instance.uid"/>
      <definition>
        <short value="Formal identifier for this instance (0008,0018)"/>
        <formal value="Formal identifier for this image."/>
        <min value="1"/>
        <max value="1"/>
        <type>
          <code value="oid"/>
        </type>
        <isModifier value="false"/>
        <mapping>
          <identity value="dicom"/>
          <map value="0008,0018"/>
        </mapping>
      </definition>
    </element>
    <element>
      <path value="ImagingStudy.series.instance.uid.extension"/>
      <definition>
        <short value="Additional Content defined by implementations"/>
        <formal value="May be used to represent additional information that is not part of the basic definition of the resource. In order to make the use of extensions safe and manageable, there is a strict governance applied to the definition and use of extensions. Though any implementer is allowed to define an extension, there is a set of requirements that SHALL be met as part of the definition of the extension."/>
        <comments value="there can be no stigma associated with the use of extensions by any application, project, or standard - regardless of the institution or jurisdiction that uses or defines the extensions.  The use of extensions is what allows the FHIR specification to retain a core simplicity for everyone."/>
        <synonym value="extensions"/>
        <synonym value="user content"/>
        <min value="0"/>
        <max value="*"/>
        <type>
          <code value="Extension"/>
        </type>
        <isModifier value="false"/>
      </definition>
    </element>
    <element>
      <path value="ImagingStudy.series.instance.sopclass"/>
      <definition>
        <short value="DICOM class type (0008,0016)"/>
        <formal value="DICOM Image type."/>
        <min value="1"/>
        <max value="1"/>
        <type>
          <code value="oid"/>
        </type>
        <isModifier value="false"/>
        <mapping>
          <identity value="dicom"/>
          <map value="0008,0016"/>
        </mapping>
      </definition>
    </element>
    <element>
      <path value="ImagingStudy.series.instance.sopclass.extension"/>
      <definition>
        <short value="Additional Content defined by implementations"/>
        <formal value="May be used to represent additional information that is not part of the basic definition of the resource. In order to make the use of extensions safe and manageable, there is a strict governance applied to the definition and use of extensions. Though any implementer is allowed to define an extension, there is a set of requirements that SHALL be met as part of the definition of the extension."/>
        <comments value="there can be no stigma associated with the use of extensions by any application, project, or standard - regardless of the institution or jurisdiction that uses or defines the extensions.  The use of extensions is what allows the FHIR specification to retain a core simplicity for everyone."/>
        <synonym value="extensions"/>
        <synonym value="user content"/>
        <min value="0"/>
        <max value="*"/>
        <type>
          <code value="Extension"/>
        </type>
        <isModifier value="false"/>
      </definition>
    </element>
    <element>
      <path value="ImagingStudy.series.instance.type"/>
      <definition>
        <short value="Type of instance (image etc) (0004,1430)"/>
        <formal value="Type of instance (image etc) (0004,1430)."/>
        <min value="0"/>
        <max value="1"/>
        <type>
          <code value="string"/>
        </type>
        <isModifier value="false"/>
        <mapping>
          <identity value="dicom"/>
          <map value="0004,1430"/>
        </mapping>
      </definition>
    </element>
    <element>
      <path value="ImagingStudy.series.instance.type.extension"/>
      <definition>
        <short value="Additional Content defined by implementations"/>
        <formal value="May be used to represent additional information that is not part of the basic definition of the resource. In order to make the use of extensions safe and manageable, there is a strict governance applied to the definition and use of extensions. Though any implementer is allowed to define an extension, there is a set of requirements that SHALL be met as part of the definition of the extension."/>
        <comments value="there can be no stigma associated with the use of extensions by any application, project, or standard - regardless of the institution or jurisdiction that uses or defines the extensions.  The use of extensions is what allows the FHIR specification to retain a core simplicity for everyone."/>
        <synonym value="extensions"/>
        <synonym value="user content"/>
        <min value="0"/>
        <max value="*"/>
        <type>
          <code value="Extension"/>
        </type>
        <isModifier value="false"/>
      </definition>
    </element>
    <element>
      <path value="ImagingStudy.series.instance.title"/>
      <definition>
        <short value="Description (0070,0080 | 0040,A043 &gt; 0008,0104 | 0042,0010 | 0008,0008)"/>
        <formal value="Description (0070,0080 | 0040,A043 &gt; 0008,0104 | 0042,0010 | 0008,0008)."/>
        <min value="0"/>
        <max value="1"/>
        <type>
          <code value="string"/>
        </type>
        <isModifier value="false"/>
        <mapping>
          <identity value="dicom"/>
          <map value="0070,0080 | 0040,A043 &gt; 0008,0104 | 0042,0010 | 0008,0008"/>
        </mapping>
      </definition>
    </element>
    <element>
      <path value="ImagingStudy.series.instance.title.extension"/>
      <definition>
        <short value="Additional Content defined by implementations"/>
        <formal value="May be used to represent additional information that is not part of the basic definition of the resource. In order to make the use of extensions safe and manageable, there is a strict governance applied to the definition and use of extensions. Though any implementer is allowed to define an extension, there is a set of requirements that SHALL be met as part of the definition of the extension."/>
        <comments value="there can be no stigma associated with the use of extensions by any application, project, or standard - regardless of the institution or jurisdiction that uses or defines the extensions.  The use of extensions is what allows the FHIR specification to retain a core simplicity for everyone."/>
        <synonym value="extensions"/>
        <synonym value="user content"/>
        <min value="0"/>
        <max value="*"/>
        <type>
          <code value="Extension"/>
        </type>
        <isModifier value="false"/>
      </definition>
    </element>
    <element>
      <path value="ImagingStudy.series.instance.url"/>
      <definition>
        <short value="WADO-RS service where instance is available  (0008,1199 &gt; 0008,1190)"/>
        <formal value="WADO-RS url where image is available."/>
        <comments value="Each instance may have a url and an attachment. Both represent the same information, but using different approaches. The URL is a reference to a WADO-RS service that makes the instance available."/>
        <min value="0"/>
        <max value="1"/>
        <type>
          <code value="uri"/>
        </type>
        <isModifier value="false"/>
        <mapping>
          <identity value="dicom"/>
          <map value="0008,1199 &gt; 0008,1190"/>
        </mapping>
      </definition>
    </element>
    <element>
      <path value="ImagingStudy.series.instance.url.extension"/>
      <definition>
        <short value="Additional Content defined by implementations"/>
        <formal value="May be used to represent additional information that is not part of the basic definition of the resource. In order to make the use of extensions safe and manageable, there is a strict governance applied to the definition and use of extensions. Though any implementer is allowed to define an extension, there is a set of requirements that SHALL be met as part of the definition of the extension."/>
        <comments value="there can be no stigma associated with the use of extensions by any application, project, or standard - regardless of the institution or jurisdiction that uses or defines the extensions.  The use of extensions is what allows the FHIR specification to retain a core simplicity for everyone."/>
        <synonym value="extensions"/>
        <synonym value="user content"/>
        <min value="0"/>
        <max value="*"/>
        <type>
          <code value="Extension"/>
        </type>
        <isModifier value="false"/>
      </definition>
    </element>
    <element>
      <path value="ImagingStudy.series.instance.attachment"/>
      <definition>
        <short value="A FHIR resource with content for this instance"/>
        <formal value="A FHIR resource with content for this instance."/>
        <comments value="Each instance may have a url and an attachment. Both represent the same information, but using different approaches. The attachment is a reference to a FHIR resource (Media, Document, etc)."/>
        <min value="0"/>
        <max value="1"/>
        <type>
          <code value="Resource(Any)"/>
        </type>
        <isModifier value="false"/>
      </definition>
    </element>
    <element>
      <path value="ImagingStudy.series.instance.attachment.extension"/>
      <definition>
        <short value="Additional Content defined by implementations"/>
        <formal value="May be used to represent additional information that is not part of the basic definition of the resource. In order to make the use of extensions safe and manageable, there is a strict governance applied to the definition and use of extensions. Though any implementer is allowed to define an extension, there is a set of requirements that SHALL be met as part of the definition of the extension."/>
        <comments value="there can be no stigma associated with the use of extensions by any application, project, or standard - regardless of the institution or jurisdiction that uses or defines the extensions.  The use of extensions is what allows the FHIR specification to retain a core simplicity for everyone."/>
        <synonym value="extensions"/>
        <synonym value="user content"/>
        <min value="0"/>
        <max value="*"/>
        <type>
          <code value="Extension"/>
        </type>
        <isModifier value="false"/>
      </definition>
    </element>
  </structure>
</Profile>