<?xml version="1.0" encoding="UTF-8"?>

<Profile xmlns="http://hl7.org/fhir">
  <text>
    <status value="generated"/><div xmlns="http://www.w3.org/1999/xhtml"><div>Type definition for Quantity from <a href="http://hl7.org/fhir/datatypes.html#Quantity">FHIR Specification</a></div></div>
  </text>
  <name value="Profile for Duration on Quantity"/>
  <publisher value="FHIR Specification"/>
  <description value="Basic Profile for Duration on Quantity for validation support"/>
  <status value="draft"/>
  <date value="2014-01-22"/>
  <mapping>
    <identity value="rim"/>
    <uri value="http://hl7.org/v3"/>
    <name value="RIM"/>
  </mapping>
  <mapping>
    <identity value="v2"/>
    <uri value="http://hl7.org/v2"/>
    <name value="HL7 v2"/>
  </mapping>
  <structure>
    <type value="Quantity"/>
    <name value="Duration"/>
    <element>
      <path value="Quantity"/>
      <definition>
        <short value="A measured or measurable amount"/>
        <formal value="A measured amount (or an amount that can potentially be measured). Note that measured amounts include amounts that are not precisely quantified, including amounts involving arbitrary units and floating currencies."/>
        <comments value="The context of use may frequently define what kind of quantity this is and therefore what kind of units can be used. The context of use may also restrict the values for the comparator."/>
        <min value="1"/>
        <max value="1"/>
        <type>
          <code value="Type"/>
        </type>
        <constraint>
          <key value="3"/>
          <name value="SHALL have a system"/>
          <severity value="error"/>
          <human value="If a code for the units is present, the system SHALL also be present"/>
          <xpath value="not(exists(f:code)) or exists(f:system)"/>
        </constraint>
        <isModifier value="false"/>
        <mapping>
          <identity value="rim"/>
          <map value="PQ, IVL&lt;PQ&gt;, MO, CO, depending on the values"/>
        </mapping>
        <mapping>
          <identity value="v2"/>
          <map value="SN (see also Range) or CQ"/>
        </mapping>
      </definition>
    </element>
    <element>
      <path value="Quantity.value"/>
      <definition>
        <short value="Numerical value (with implicit precision)"/>
        <formal value="The value of the measured amount. The value includes an implicit precision in the presentation of the value."/>
        <comments value="The implicit precision in the value should always be honored. Monetary values have their own rules for handling precision (refer to standard accounting text books)."/>
        <min value="0"/>
        <max value="1"/>
        <type>
          <code value="decimal"/>
        </type>
        <isModifier value="false"/>
        <mapping>
          <identity value="rim"/>
          <map value="PQ.value, CO.value, MO.value, IVL.high or IVL.low depending on the value"/>
        </mapping>
        <mapping>
          <identity value="v2"/>
          <map value="SN.2  / CQ - N/A"/>
        </mapping>
      </definition>
    </element>
    <element>
      <path value="Quantity.comparator"/>
      <definition>
        <short value="&lt; | &lt;= | &gt;= | &gt; - how to understand the value"/>
        <formal value="How the value should be understood and represented - whether the actual value is greater or less than the stated value due to measurement issues. E.g. if the comparator is &quot;&lt;&quot; , then the real value is &lt; stated value."/>
        <comments value="This is labeled as &quot;Is Modifier&quot; because the comparator modifies the interpretation of the value significantly. If there is no comparator, then there is no modification of the value."/>
        <min value="0"/>
        <max value="1"/>
        <type>
          <code value="code"/>
        </type>
        <isModifier value="true"/>
        <binding>
          <name value="QuantityCompararator"/>
          <isExtensible value="false"/>
          <conformance value="required"/>
          <referenceResource>
            <reference value="http://hl7.org/fhir/vs/quantity-comparator"/>
          </referenceResource>
        </binding>
        <mapping>
          <identity value="rim"/>
          <map value="IVL properties"/>
        </mapping>
        <mapping>
          <identity value="v2"/>
          <map value="SN.1  / CQ.1"/>
        </mapping>
      </definition>
    </element>
    <element>
      <path value="Quantity.units"/>
      <definition>
        <short value="Unit representation"/>
        <formal value="A human-readable form of the units."/>
        <min value="0"/>
        <max value="1"/>
        <type>
          <code value="string"/>
        </type>
        <isModifier value="false"/>
        <mapping>
          <identity value="rim"/>
          <map value="PQ.unit"/>
        </mapping>
        <mapping>
          <identity value="v2"/>
          <map value="(see OBX.6 etc) / CQ.2"/>
        </mapping>
      </definition>
    </element>
    <element>
      <path value="Quantity.system"/>
      <definition>
        <short value="System that defines coded unit form"/>
        <formal value="The identification of the system that provides the coded form of the unit."/>
        <min value="0"/>
        <max value="1"/>
        <type>
          <code value="uri"/>
        </type>
        <isModifier value="false"/>
        <mapping>
          <identity value="rim"/>
          <map value="CO.codeSystem, PQ.translation.codeSystem"/>
        </mapping>
        <mapping>
          <identity value="v2"/>
          <map value="(see OBX.6 etc) / CQ.2"/>
        </mapping>
      </definition>
    </element>
    <element>
      <path value="Quantity.code"/>
      <definition>
        <short value="Coded form of the unit"/>
        <formal value="A computer processable form of the units in some unit representation system."/>
        <comments value="The preferred system is UCUM, but SNOMED CT can also be used (for customary units) or ISO 4217 for currency.

The context of use may additionally require a code from a particular system (Unless the Quantity element has a dataAbsentReason flag)."/>
        <min value="0"/>
        <max value="1"/>
        <type>
          <code value="code"/>
        </type>
        <isModifier value="false"/>
        <mapping>
          <identity value="rim"/>
          <map value="PQ.code, MO.currency, PQ.translation.code"/>
        </mapping>
        <mapping>
          <identity value="v2"/>
          <map value="(see OBX.6 etc) / CQ.2"/>
        </mapping>
      </definition>
    </element>
  </structure>
</Profile>