<?xml version="1.0" encoding="UTF-8"?>

<Profile xmlns="http://hl7.org/fhir">
  <text>
    <status value="generated"/><div xmlns="http://www.w3.org/1999/xhtml"><div>Type definition for CodeableConcept from <a href="http://hl7.org/fhir/datatypes.html#CodeableConcept">FHIR Specification</a></div></div>
  </text>
  <name value="Basic Profile for CodeableConcept"/>
  <publisher value="FHIR Specification"/>
  <description value="Basic Profile for CodeableConcept for validation support"/>
  <status value="draft"/>
  <date value="2014-01-22"/>
  <mapping>
    <identity value="rim"/>
    <uri value="http://hl7.org/v3"/>
    <name value="RIM"/>
  </mapping>
  <mapping>
    <identity value="v2"/>
    <uri value="http://hl7.org/v2"/>
    <name value="HL7 v2"/>
  </mapping>
  <structure>
    <type value="CodeableConcept"/>
    <element>
      <path value="CodeableConcept"/>
      <definition>
        <short value="Concept - reference to a terminology or just  text"/>
        <formal value="A concept that may be defined by a formal reference to a terminology or ontology or may be provided by text."/>
        <comments value="Not all terminology uses fit this general pattern. In some cases, models should not use CodeableConcept and use Coding directly and provide their own structure for managing text, codings, translations and the relationship between elements and pre- and post-coordination."/>
        <min value="1"/>
        <max value="1"/>
        <type>
          <code value="Type"/>
        </type>
        <constraint>
          <key value="2"/>
          <name value="Coding.primary rule"/>
          <severity value="error"/>
          <human value="Only one coding in a set can be chosen directly by the user"/>
          <xpath value="count(f:coding[f:primary/@value=&#39;true&#39;])&lt;1"/>
        </constraint>
        <isModifier value="false"/>
        <mapping>
          <identity value="rim"/>
          <map value="CD"/>
        </mapping>
        <mapping>
          <identity value="v2"/>
          <map value="CE/CNE/CWE"/>
        </mapping>
      </definition>
    </element>
    <element>
      <path value="CodeableConcept.coding"/>
      <definition>
        <short value="Code defined by a terminology system"/>
        <formal value="A reference to a code defined by a terminology system."/>
        <comments value="Codes may be defined very casually in enumerations, or code lists, up to very formal definitions such as SNOMED CT - see the V3 Core Principles for more information.  Ordering of codings is undefined and SHALL not be used to infer meaning."/>
        <min value="0"/>
        <max value="*"/>
        <type>
          <code value="Coding"/>
        </type>
        <isModifier value="false"/>
        <mapping>
          <identity value="rim"/>
          <map value="union(., ./translation)"/>
        </mapping>
        <mapping>
          <identity value="v2"/>
          <map value="C*E.1-8, C*E.10-22"/>
        </mapping>
      </definition>
    </element>
    <element>
      <path value="CodeableConcept.text"/>
      <definition>
        <short value="Plain text representation of the concept"/>
        <formal value="A human language representation of the concept as seen/selected/uttered by the user who entered the data and/or which represents the intended meaning of the user."/>
        <comments value="Very often the text is the same as a displayName of one of the codings."/>
        <min value="0"/>
        <max value="1"/>
        <type>
          <code value="string"/>
        </type>
        <isModifier value="false"/>
        <mapping>
          <identity value="rim"/>
          <map value="./originalText[mediaType/code=&quot;text/plain&quot;]/data"/>
        </mapping>
        <mapping>
          <identity value="v2"/>
          <map value="C*E.9. But note many systems use C*E.2 for this"/>
        </mapping>
      </definition>
    </element>
  </structure>
</Profile>