<?xml version="1.0" encoding="UTF-8"?>

<Profile xmlns="http://hl7.org/fhir">
  <text>
    <status value="generated"/><div xmlns="http://www.w3.org/1999/xhtml"><div>Type definition for Ratio from <a href="http://hl7.org/fhir/datatypes.html#Ratio">FHIR Specification</a></div></div>
  </text>
  <name value="Basic Profile for Ratio"/>
  <publisher value="FHIR Specification"/>
  <description value="Basic Profile for Ratio for validation support"/>
  <status value="draft"/>
  <date value="2014-01-22"/>
  <mapping>
    <identity value="rim"/>
    <uri value="http://hl7.org/v3"/>
    <name value="RIM"/>
  </mapping>
  <mapping>
    <identity value="v2"/>
    <uri value="http://hl7.org/v2"/>
    <name value="HL7 v2"/>
  </mapping>
  <structure>
    <type value="Ratio"/>
    <element>
      <path value="Ratio"/>
      <definition>
        <short value="A ratio of two Quantity values - a numerator and a denominator"/>
        <formal value="A relationship of two Quantity values - expressed as a numerator and a denominator."/>
        <min value="1"/>
        <max value="1"/>
        <type>
          <code value="Type"/>
        </type>
        <constraint>
          <key value="1"/>
          <name value="both numerator and denominator"/>
          <severity value="error"/>
          <human value="numerator and denominator SHALL both be present, or both be absent"/>
          <xpath value="count(f:numerator) = count(f:denominator)"/>
        </constraint>
        <isModifier value="false"/>
        <mapping>
          <identity value="rim"/>
          <map value="RTO"/>
        </mapping>
        <mapping>
          <identity value="v2"/>
          <map value="N/A"/>
        </mapping>
      </definition>
    </element>
    <element>
      <path value="Ratio.numerator"/>
      <definition>
        <short value="Numerator value"/>
        <formal value="The value of the numerator."/>
        <min value="0"/>
        <max value="1"/>
        <type>
          <code value="Quantity"/>
        </type>
        <isModifier value="false"/>
        <mapping>
          <identity value="rim"/>
          <map value=".numerator"/>
        </mapping>
      </definition>
    </element>
    <element>
      <path value="Ratio.denominator"/>
      <definition>
        <short value="Denominator value"/>
        <formal value="The value of the denominator."/>
        <min value="0"/>
        <max value="1"/>
        <type>
          <code value="Quantity"/>
        </type>
        <isModifier value="false"/>
        <mapping>
          <identity value="rim"/>
          <map value=".denominator"/>
        </mapping>
      </definition>
    </element>
  </structure>
</Profile>