<?xml version="1.0" encoding="UTF-8"?>

<Profile xmlns="http://hl7.org/fhir">
  <text>
    <status value="generated"/><div xmlns="http://www.w3.org/1999/xhtml"><div>Type definition for Extension from <a href="http://hl7.org/fhir/datatypes.html#Extension">FHIR Specification</a></div></div>
  </text>
  <name value="Basic Profile for Extension"/>
  <publisher value="FHIR Specification"/>
  <description value="Basic Profile for Extension for validation support"/>
  <status value="draft"/>
  <date value="2014-01-22"/>
  <mapping>
    <identity value="rim"/>
    <uri value="http://hl7.org/v3"/>
    <name value="RIM"/>
  </mapping>
  <structure>
    <type value="Extension"/>
    <element>
      <path value="Extension"/>
      <definition>
        <short value="Optional Extensions Element - found in all resources."/>
        <formal value="Optional Extensions Element - found in all resources."/>
        <min value="1"/>
        <max value="1"/>
        <type>
          <code value="Type"/>
        </type>
        <isModifier value="false"/>
        <mapping>
          <identity value="rim"/>
          <map value="N/A"/>
        </mapping>
      </definition>
    </element>
    <element>
      <path value="Extension.url"/>
      <representation value="xmlAttr"/>
      <definition>
        <short value="identifies the meaning of the extension"/>
        <formal value="Source of the definition for the extension code - a logical name or a URL."/>
        <comments value="The definition may point directly to a computable or human-readable definition of the extensibility codes, or it may be a logical URI as declared in some other specification. The definition should be version specific.  This will ideally be the URI for the Resource Profile defining the extension, with the code for the extension after a #."/>
        <min value="1"/>
        <max value="1"/>
        <type>
          <code value="uri"/>
        </type>
        <isModifier value="false"/>
        <mapping>
          <identity value="rim"/>
          <map value="N/A"/>
        </mapping>
      </definition>
    </element>
    <element>
      <path value="Extension.value[x]"/>
      <definition>
        <short value="Value of extension"/>
        <formal value="Value of extension - may be a resource or one of a constrained set of the data types (see Extensibility in the spec for list)."/>
        <min value="0"/>
        <max value="1"/>
        <type>
          <code value="*"/>
        </type>
        <isModifier value="false"/>
        <mapping>
          <identity value="rim"/>
          <map value="N/A"/>
        </mapping>
      </definition>
    </element>
  </structure>
</Profile>