<?xml version="1.0" encoding="UTF-8"?>

<Profile xmlns="http://hl7.org/fhir">
  <text>
    <status value="generated"/><div xmlns="http://www.w3.org/1999/xhtml"><div>Type definition for Period from <a href="http://hl7.org/fhir/datatypes.html#Period">FHIR Specification</a></div></div>
  </text>
  <name value="Basic Profile for Period"/>
  <publisher value="FHIR Specification"/>
  <description value="Basic Profile for Period for validation support"/>
  <status value="draft"/>
  <date value="2014-01-22"/>
  <mapping>
    <identity value="rim"/>
    <uri value="http://hl7.org/v3"/>
    <name value="RIM"/>
  </mapping>
  <mapping>
    <identity value="v2"/>
    <uri value="http://hl7.org/v2"/>
    <name value="HL7 v2"/>
  </mapping>
  <structure>
    <type value="Period"/>
    <element>
      <path value="Period"/>
      <definition>
        <short value="Time range defined by start and end date/time"/>
        <formal value="A time period defined by a start and end date and optionally time."/>
        <comments value="This is not a duration - that&#39;s a measure of time (a separate type), but a duration that occurs at a fixed value of time. A Period specifies a range of time; the context of use will specify whether the entire range applies (e.g. &quot;the patient was an inpatient of the hospital for this time range&quot;) or one value from the range applies (e.g. &quot;give to the patient between these two times&quot;). If a duration might be required, specify the type as Interval|Duration."/>
        <min value="1"/>
        <max value="1"/>
        <type>
          <code value="Type"/>
        </type>
        <constraint>
          <key value="1"/>
          <name value="Start &lt;= End"/>
          <severity value="error"/>
          <human value="If present, start SHALL have a lower value than end"/>
          <xpath value="not(exists(f:start)) or not(exists(f:end)) or (f:start/@value &lt;= f:end/@value)"/>
        </constraint>
        <isModifier value="false"/>
        <mapping>
          <identity value="rim"/>
          <map value="IVL&lt;TS&gt;[lowClosed=&quot;true&quot; and highClosed=&quot;true&quot;] or URG&lt;TS&gt;[lowClosed=&quot;true&quot; and highClosed=&quot;true&quot;]"/>
        </mapping>
        <mapping>
          <identity value="v2"/>
          <map value="DR"/>
        </mapping>
      </definition>
    </element>
    <element>
      <path value="Period.start"/>
      <definition>
        <short value="Starting time with inclusive boundary"/>
        <formal value="The start of the period. The boundary is inclusive."/>
        <comments value="If the low element is missing, the meaning is that the low boundary is not known."/>
        <min value="0"/>
        <max value="1"/>
        <type>
          <code value="dateTime"/>
        </type>
        <isModifier value="false"/>
        <mapping>
          <identity value="rim"/>
          <map value="./low"/>
        </mapping>
        <mapping>
          <identity value="v2"/>
          <map value="DR.1"/>
        </mapping>
      </definition>
    </element>
    <element>
      <path value="Period.end"/>
      <definition>
        <short value="End time with inclusive boundary, if not ongoing"/>
        <formal value="The end of the period. If the end of the period is missing, it means that the period is ongoing."/>
        <comments value="The high value includes any matching date/time. i.e. 2012-02-03T10:00:00 is in a period that has a end value of 2012-02-03."/>
        <min value="0"/>
        <max value="1"/>
        <type>
          <code value="dateTime"/>
        </type>
        <isModifier value="false"/>
        <mapping>
          <identity value="rim"/>
          <map value="./high"/>
        </mapping>
        <mapping>
          <identity value="v2"/>
          <map value="DR.2"/>
        </mapping>
      </definition>
    </element>
  </structure>
</Profile>