<?xml version="1.0" encoding="UTF-8"?>

<Profile xmlns="http://hl7.org/fhir">
  <text>
    <status value="generated"/><div xmlns="http://www.w3.org/1999/xhtml"><div>Type definition for ResourceReference from <a href="http://hl7.org/fhir/datatypes.html#ResourceReference">FHIR Specification</a></div></div>
  </text>
  <name value="Basic Profile for ResourceReference"/>
  <publisher value="FHIR Specification"/>
  <description value="Basic Profile for ResourceReference for validation support"/>
  <status value="draft"/>
  <date value="2014-01-22"/>
  <mapping>
    <identity value="rim"/>
    <uri value="http://hl7.org/v3"/>
    <name value="RIM"/>
  </mapping>
  <structure>
    <type value="ResourceReference"/>
    <element>
      <path value="ResourceReference"/>
      <definition>
        <short value="A reference from one resource to another"/>
        <formal value="A reference from one resource to another."/>
        <min value="1"/>
        <max value="1"/>
        <type>
          <code value="Type"/>
        </type>
        <constraint>
          <key value="1"/>
          <name value="Inline"/>
          <severity value="error"/>
          <human value="SHALL have a local reference if the resource is provided inline"/>
          <xpath value="not(starts-with(f:reference/@value, &#39;#&#39;)) or exists(ancestor::a:content/f:*/f:contained/f:*[@id=substring-after(current()/f:reference/@value, &#39;#&#39;)]|/f:*/f:contained/f:*[@id=substring-after(current()/f:reference/@value, &#39;#&#39;)])"/>
        </constraint>
        <isModifier value="false"/>
        <mapping>
          <identity value="rim"/>
          <map value="The target of a resource reference is a RIM entry point (Act, Role, or Entity)"/>
        </mapping>
      </definition>
    </element>
    <element>
      <path value="ResourceReference.reference"/>
      <definition>
        <short value="Relative, internal or absolute URL reference"/>
        <formal value="A reference to a location at which the other resource is found. The reference may a relative reference, in which case it is relative to the service base URL, or an absolute URL that resolves to the location where the resource is found. The reference may be version specific or not. If the reference is not to a FHIR RESTful server, then it should be assumed to be version specific. Internal fragment references (start with &#39;#&#39;) refer to contained resources."/>
        <comments value="Using absolute URLs provides a stable scalable approach suitable for a cloud/web context, while using relative/logical references provides a flexible approach suitable for use when trading across closed eco-system boundaries. 

Absolute URLs do not need to point to a FHIR RESTful server, though this is the preferred approach. If the url conforms to the structure &quot;/[type]/@[id]&quot; then it should be assumed that the reference is to a FHIR RESTful server."/>
        <min value="0"/>
        <max value="1"/>
        <type>
          <code value="string"/>
        </type>
        <isModifier value="false"/>
        <mapping>
          <identity value="rim"/>
          <map value="N/A"/>
        </mapping>
      </definition>
    </element>
    <element>
      <path value="ResourceReference.display"/>
      <definition>
        <short value="Text alternative for the resource"/>
        <formal value="Plain text narrative that identifies the resource in addition to the resource reference."/>
        <comments value="This is generally not the same as the Resource.text of the referenced resource.  The purpose is to identify what&#39;s being referenced, not to fully describe it."/>
        <min value="0"/>
        <max value="1"/>
        <type>
          <code value="string"/>
        </type>
        <isModifier value="false"/>
        <mapping>
          <identity value="rim"/>
          <map value="N/A"/>
        </mapping>
      </definition>
    </element>
  </structure>
</Profile>