<?xml version="1.0" encoding="UTF-8"?>

<Profile xmlns="http://hl7.org/fhir">
  <text>
    <status value="generated"/><div xmlns="http://www.w3.org/1999/xhtml"><pre>
&lt;<a title="(informative) A container for slot(s) of time that may be available for booking appointments." class="dict" href="availability-definitions.html#Availability"><b>Availability</b></a> xmlns=&quot;http://hl7.org/fhir&quot;&gt; <span style="float: right"><a title="Documentation for this format" href="formats.html"><img alt="doco" src="help.png"/></a></span>
 &lt;!-- from <a href="resources.html">Resource</a>: <a href="extensibility.html">extension</a>, <a href="extensibility.html#modifierExtension">modifierExtension</a>, language, <a href="narrative.html#Narrative">text</a>, and <a href="references.html#contained">contained</a> --&gt;
 &lt;<a title="External Ids for this item." class="dict" href="availability-definitions.html#Availability.identifier"><b>identifier</b></a>&gt;<span style="color: Gray">&lt;!--</span> <span style="color: brown"><b>0..*</b></span> <span style="color: darkgreen"><a href="datatypes.html#Identifier">Identifier</a></span> <span style="color: navy">External Ids for this item</span><span style="color: Gray"> --&gt;</span>&lt;/identifier&gt;
 &lt;<a title="The type of appointments that can be booked into slots attached to this availability resource (ideally this would be an identifiable service - which is at a location, rather than the location itself) - change to CodeableConcept." class="dict" href="availability-definitions.html#Availability.type"><b>type</b></a>&gt;<span style="color: Gray">&lt;!--</span> <span style="color: brown"><b>0..1</b></span> <span style="color: darkgreen"><a href="datatypes.html#CodeableConcept">CodeableConcept</a></span> <span style="color: navy">
     The type of appointments that can be booked into slots attached to this availability resource (ideally this would be an identifiable service - which is at a location, rather than the location itself) - change to CodeableConcept</span><span style="color: Gray"> --&gt;</span>&lt;/type&gt;
 &lt;<a title="The type of resource this availability resource is providing availability information for." class="dict" href="availability-definitions.html#Availability.individual"><b>individual</b></a>&gt;<span style="color: Gray">&lt;!--</span> <span style="color: brown"><b>1..1</b></span> <span style="color: darkgreen"><a href="references.html#Resource">Resource</a>(<a href="location.html#Location">Location</a>|<a href="practitioner.html#Practitioner">Practitioner</a>|<a href="device.html#Device">Device</a>|<a href="patient.html#Patient">Patient</a>|
   <a href="relatedperson.html#RelatedPerson">RelatedPerson</a>)</span> <span style="color: navy">
     The type of resource this availability resource is providing availability information for</span><span style="color: Gray"> --&gt;</span>&lt;/individual&gt;
 &lt;<a title="The period of time that the slots that are attached to this availability resource cover (even if none exist)." class="dict" href="availability-definitions.html#Availability.period"><b>period</b></a>&gt;<span style="color: Gray">&lt;!--</span> <span style="color: brown"><b>0..1</b></span> <span style="color: darkgreen"><a href="datatypes.html#Period">Period</a></span> <span style="color: navy">
     The period of time that the slots that are attached to this availability resource cover (even if none exist)</span><span style="color: Gray"> --&gt;</span>&lt;/period&gt;
 &lt;<a title="Comments on the availability to describe any extended information. Such as custom constraints on the slot(s) that may be associated." class="dict" href="availability-definitions.html#Availability.comment"><b>comment</b></a> value=&quot;[<span style="color: darkgreen"><a href="datatypes.html#string">string</a></span>]&quot;/&gt;<span style="color: Gray">&lt;!--</span> <span style="color: brown"><b>0..1</b></span> <span style="color: navy">
     Comments on the availability to describe any extended information. Such as custom constraints on the slot(s) that may be associated</span><span style="color: Gray"> --&gt;</span>
 &lt;<a title="Who authored the availability." class="dict" href="availability-definitions.html#Availability.author"><b>author</b></a>&gt;<span style="color: Gray">&lt;!--</span> <span style="color: brown"><b>0..1</b></span> <span style="color: darkgreen"><a href="references.html#Resource">Resource</a>(<a href="practitioner.html#Practitioner">Practitioner</a>|<a href="patient.html#Patient">Patient</a>|<a href="relatedperson.html#RelatedPerson">RelatedPerson</a>)</span> <span style="color: navy">Who authored the availability</span><span style="color: Gray"> --&gt;</span>&lt;/author&gt;
 &lt;<a title="When this availability was created, or last revised." class="dict" href="availability-definitions.html#Availability.authorDate"><b>authorDate</b></a> value=&quot;[<span style="color: darkgreen"><a href="datatypes.html#dateTime">dateTime</a></span>]&quot;/&gt;<span style="color: Gray">&lt;!--</span> <span style="color: brown"><b>0..1</b></span> <span style="color: navy">When this availability was created, or last revised</span><span style="color: Gray"> --&gt;</span>
&lt;/Availability&gt;
</pre></div>
  </text>
  <name value="availability"/>
  <publisher value="FHIR Project"/>
  <description value="Basic Profile. (informative) A container for slot(s) of time that may be available for booking appointments."/>
  <status value="draft"/>
  <date value="2014-01-22"/>
  <requirements value="Scope and Usage Availability resources provide a container for time-slots that can be booked using an appointment, It provides the window of time (period) that slots are defined for and what type of appointments can be booked. They do not provide any information about actual appointments. 

In HL7 v2.7 (and the RIM) this resource is defined as a schedule (which in fhir is a simple recurrence): 

A schedule controls the dates and times available for the performance of a service and/or the use of a resource. One schedule applies to one service or resource, since each service or resource can be reserved independently of the others. (If two or more services, people, locations, or things cannot be reserved independently of one another, they are considered to be one activity or resource.) A schedule consists of slots of time during which the controlled service or resource is potentially available for performance or use. Slots are categorized as open, booked, or blocked. An open slot on a schedule indicates that the service or resource is available for performance or use during that period of time. A booked slot indicates that the service or resource is not available during the time period, because an appointment has been scheduled. A blocked slot indicates that a service or resource is unavailable for reasons other than a scheduled appointment. 

The real-world, non-automated analog of the schedule described above is a standard appointment book. These books are generally organized with rows of time slots, during which a service or resource is available. 

A slot is one unit on a schedule. A slot represents the smallest unit of time or quantity that a service or resource may be booked. Depending on the nature of the service or resource, there may be more than one defined slot at a given instant of time. For example, if a service is an open group therapy session with twelve available seats, then there are twelve slots for the given block of time. 

It is expected that servers could expose this information as an alternate representation using the iCalendar free/busy format, joining the information in slot resources that reference this availability resource."/>
  <mapping>
    <identity value="ical"/>
    <uri value="http://www.ietf.org/rfc/rfc2445.txt"/>
    <name value="iCalendar"/>
  </mapping>
  <mapping>
    <identity value="rim"/>
    <uri value="http://hl7.org/v3"/>
    <name value="RIM"/>
  </mapping>
  <structure>
    <type value="Availability"/>
    <publish value="true"/>
    <element>
      <path value="Availability"/>
      <definition>
        <short value="(informative) A container for slot(s) of time that may be available for booking appointments"/>
        <formal value="(informative) A container for slot(s) of time that may be available for booking appointments."/>
        <min value="1"/>
        <max value="1"/>
        <type>
          <code value="Resource"/>
        </type>
        <isModifier value="false"/>
        <mapping>
          <identity value="ical"/>
          <map value="BEGIN:VFREEBUSY  …  END:VFREEBUSY
(If your fhir server provides this information via calDAV, then you may want to include addressing information in a URL section, and with the search, a DTSTART and DTEND component can be included to indicate the range of time that has been covered in the collection of slots, where these overlap the resources period values. For all slots that reference this resource, include a FREEBUSY row for each slot)"/>
        </mapping>
      </definition>
    </element>
    <element>
      <path value="Availability.extension"/>
      <definition>
        <short value="Additional Content defined by implementations"/>
        <formal value="May be used to represent additional information that is not part of the basic definition of the resource. In order to make the use of extensions safe and manageable, there is a strict governance applied to the definition and use of extensions. Though any implementer is allowed to define an extension, there is a set of requirements that SHALL be met as part of the definition of the extension."/>
        <comments value="there can be no stigma associated with the use of extensions by any application, project, or standard - regardless of the institution or jurisdiction that uses or defines the extensions.  The use of extensions is what allows the FHIR specification to retain a core simplicity for everyone."/>
        <synonym value="extensions"/>
        <synonym value="user content"/>
        <min value="0"/>
        <max value="*"/>
        <type>
          <code value="Extension"/>
        </type>
        <isModifier value="false"/>
      </definition>
    </element>
    <element>
      <path value="Availability.modifierExtension"/>
      <definition>
        <short value="Extensions that cannot be ignored"/>
        <formal value="May be used to represent additional information that is not part of the basic definition of the resource, and that modifies the understanding of the element that contains it. Usually modifier elements provide negation or qualification. In order to make the use of extensions safe and manageable, there is a strict governance applied to the definition and use of extensions. Though any implementer is allowed to define an extension, there is a set of requirements that SHALL be met as part of the definition of the extension. Applications processing a resource are required to check for modifier extensions."/>
        <comments value="there can be no stigma associated with the use of extensions by any application, project, or standard - regardless of the institution or jurisdiction that uses or defines the extensions.  The use of extensions is what allows the FHIR specification to retain a core simplicity for everyone."/>
        <synonym value="extensions"/>
        <synonym value="user content"/>
        <min value="0"/>
        <max value="*"/>
        <type>
          <code value="Extension"/>
        </type>
        <isModifier value="false"/>
      </definition>
    </element>
    <element>
      <path value="Availability.text"/>
      <definition>
        <short value="Text summary of the resource, for human interpretation"/>
        <formal value="A human-readable narrative that contains a summary of the resource, and may be used to represent the content of the resource to a human. The narrative need not encode all the structured data, but is required to contain sufficient detail to make it &quot;clinically safe&quot; for a human to just read the narrative. Resource definitions may define what content should be represented in the narrative to ensure clinical safety."/>
        <comments value="Contained resources do not have narrative. Resources that are not contained SHOULD have a narrative."/>
        <synonym value="narrative"/>
        <synonym value="html"/>
        <synonym value="xhtml"/>
        <synonym value="display"/>
        <min value="0"/>
        <max value="1"/>
        <type>
          <code value="Narrative"/>
        </type>
        <isModifier value="false"/>
      </definition>
    </element>
    <element>
      <path value="Availability.contained"/>
      <definition>
        <short value="Contained, inline Resources"/>
        <formal value="These resources do not have an independent existence apart from the resource that contains them - they cannot be identified independently, and nor can they have their own independent transaction scope."/>
        <comments value="This should never be done when the content can be identified properly, as once identification is lost, it is extremely difficult (and context dependent) to restore it again."/>
        <synonym value="inline resources"/>
        <synonym value="anonymous resources"/>
        <synonym value="contained resources"/>
        <min value="0"/>
        <max value="*"/>
        <type>
          <code value="Resource"/>
        </type>
        <isModifier value="false"/>
      </definition>
    </element>
    <element>
      <path value="Availability.identifier"/>
      <definition>
        <short value="External Ids for this item"/>
        <formal value="External Ids for this item."/>
        <min value="0"/>
        <max value="*"/>
        <type>
          <code value="Identifier"/>
        </type>
        <isModifier value="false"/>
        <mapping>
          <identity value="rim"/>
          <map value=".id"/>
        </mapping>
        <mapping>
          <identity value="ical"/>
          <map value="UID"/>
        </mapping>
      </definition>
    </element>
    <element>
      <path value="Availability.identifier.extension"/>
      <definition>
        <short value="Additional Content defined by implementations"/>
        <formal value="May be used to represent additional information that is not part of the basic definition of the resource. In order to make the use of extensions safe and manageable, there is a strict governance applied to the definition and use of extensions. Though any implementer is allowed to define an extension, there is a set of requirements that SHALL be met as part of the definition of the extension."/>
        <comments value="there can be no stigma associated with the use of extensions by any application, project, or standard - regardless of the institution or jurisdiction that uses or defines the extensions.  The use of extensions is what allows the FHIR specification to retain a core simplicity for everyone."/>
        <synonym value="extensions"/>
        <synonym value="user content"/>
        <min value="0"/>
        <max value="*"/>
        <type>
          <code value="Extension"/>
        </type>
        <isModifier value="false"/>
      </definition>
    </element>
    <element>
      <path value="Availability.type"/>
      <definition>
        <short value="The type of appointments that can be booked into slots attached to this availability resource (ideally this would be an identifiable service - which is at a location, rather than the location itself) - change to CodeableConcept"/>
        <formal value="The type of appointments that can be booked into slots attached to this availability resource (ideally this would be an identifiable service - which is at a location, rather than the location itself) - change to CodeableConcept."/>
        <min value="0"/>
        <max value="1"/>
        <type>
          <code value="CodeableConcept"/>
        </type>
        <isModifier value="false"/>
        <mapping>
          <identity value="ical"/>
          <map value="n/a"/>
        </mapping>
      </definition>
    </element>
    <element>
      <path value="Availability.type.extension"/>
      <definition>
        <short value="Additional Content defined by implementations"/>
        <formal value="May be used to represent additional information that is not part of the basic definition of the resource. In order to make the use of extensions safe and manageable, there is a strict governance applied to the definition and use of extensions. Though any implementer is allowed to define an extension, there is a set of requirements that SHALL be met as part of the definition of the extension."/>
        <comments value="there can be no stigma associated with the use of extensions by any application, project, or standard - regardless of the institution or jurisdiction that uses or defines the extensions.  The use of extensions is what allows the FHIR specification to retain a core simplicity for everyone."/>
        <synonym value="extensions"/>
        <synonym value="user content"/>
        <min value="0"/>
        <max value="*"/>
        <type>
          <code value="Extension"/>
        </type>
        <isModifier value="false"/>
      </definition>
    </element>
    <element>
      <path value="Availability.individual"/>
      <definition>
        <short value="The type of resource this availability resource is providing availability information for"/>
        <formal value="The type of resource this availability resource is providing availability information for."/>
        <min value="1"/>
        <max value="1"/>
        <type>
          <code value="Resource(Location|Practitioner|Device|Patient|RelatedPerson)"/>
        </type>
        <isModifier value="false"/>
        <mapping>
          <identity value="ical"/>
          <map value="ATTENDEE:MAILTO:john_public@host2.com
This can be populated with a value from the referenced resource"/>
        </mapping>
      </definition>
    </element>
    <element>
      <path value="Availability.individual.extension"/>
      <definition>
        <short value="Additional Content defined by implementations"/>
        <formal value="May be used to represent additional information that is not part of the basic definition of the resource. In order to make the use of extensions safe and manageable, there is a strict governance applied to the definition and use of extensions. Though any implementer is allowed to define an extension, there is a set of requirements that SHALL be met as part of the definition of the extension."/>
        <comments value="there can be no stigma associated with the use of extensions by any application, project, or standard - regardless of the institution or jurisdiction that uses or defines the extensions.  The use of extensions is what allows the FHIR specification to retain a core simplicity for everyone."/>
        <synonym value="extensions"/>
        <synonym value="user content"/>
        <min value="0"/>
        <max value="*"/>
        <type>
          <code value="Extension"/>
        </type>
        <isModifier value="false"/>
      </definition>
    </element>
    <element>
      <path value="Availability.period"/>
      <definition>
        <short value="The period of time that the slots that are attached to this availability resource cover (even if none exist)"/>
        <formal value="The period of time that the slots that are attached to this availability resource cover (even if none exist)."/>
        <min value="0"/>
        <max value="1"/>
        <type>
          <code value="Period"/>
        </type>
        <isModifier value="false"/>
        <mapping>
          <identity value="ical"/>
          <map value="DTSTART:20131201T003000Z
DTEND:2014030101T003000Z"/>
        </mapping>
      </definition>
    </element>
    <element>
      <path value="Availability.period.extension"/>
      <definition>
        <short value="Additional Content defined by implementations"/>
        <formal value="May be used to represent additional information that is not part of the basic definition of the resource. In order to make the use of extensions safe and manageable, there is a strict governance applied to the definition and use of extensions. Though any implementer is allowed to define an extension, there is a set of requirements that SHALL be met as part of the definition of the extension."/>
        <comments value="there can be no stigma associated with the use of extensions by any application, project, or standard - regardless of the institution or jurisdiction that uses or defines the extensions.  The use of extensions is what allows the FHIR specification to retain a core simplicity for everyone."/>
        <synonym value="extensions"/>
        <synonym value="user content"/>
        <min value="0"/>
        <max value="*"/>
        <type>
          <code value="Extension"/>
        </type>
        <isModifier value="false"/>
      </definition>
    </element>
    <element>
      <path value="Availability.comment"/>
      <definition>
        <short value="Comments on the availability to describe any extended information. Such as custom constraints on the slot(s) that may be associated"/>
        <formal value="Comments on the availability to describe any extended information. Such as custom constraints on the slot(s) that may be associated."/>
        <min value="0"/>
        <max value="1"/>
        <type>
          <code value="string"/>
        </type>
        <isModifier value="false"/>
        <mapping>
          <identity value="ical"/>
          <map value="COMMENT:(comment)
If there is no comment, then the line can be excluded from the iCalendar entry"/>
        </mapping>
      </definition>
    </element>
    <element>
      <path value="Availability.comment.extension"/>
      <definition>
        <short value="Additional Content defined by implementations"/>
        <formal value="May be used to represent additional information that is not part of the basic definition of the resource. In order to make the use of extensions safe and manageable, there is a strict governance applied to the definition and use of extensions. Though any implementer is allowed to define an extension, there is a set of requirements that SHALL be met as part of the definition of the extension."/>
        <comments value="there can be no stigma associated with the use of extensions by any application, project, or standard - regardless of the institution or jurisdiction that uses or defines the extensions.  The use of extensions is what allows the FHIR specification to retain a core simplicity for everyone."/>
        <synonym value="extensions"/>
        <synonym value="user content"/>
        <min value="0"/>
        <max value="*"/>
        <type>
          <code value="Extension"/>
        </type>
        <isModifier value="false"/>
      </definition>
    </element>
    <element>
      <path value="Availability.author"/>
      <definition>
        <short value="Who authored the availability"/>
        <formal value="Who authored the availability."/>
        <min value="0"/>
        <max value="1"/>
        <type>
          <code value="Resource(Practitioner|Patient|RelatedPerson)"/>
        </type>
        <isModifier value="false"/>
        <mapping>
          <identity value="ical"/>
          <map value="ORGANIZER:MAILTO:jane_doe@host1.com
This can be populated with a value from the referenced resource"/>
        </mapping>
      </definition>
    </element>
    <element>
      <path value="Availability.author.extension"/>
      <definition>
        <short value="Additional Content defined by implementations"/>
        <formal value="May be used to represent additional information that is not part of the basic definition of the resource. In order to make the use of extensions safe and manageable, there is a strict governance applied to the definition and use of extensions. Though any implementer is allowed to define an extension, there is a set of requirements that SHALL be met as part of the definition of the extension."/>
        <comments value="there can be no stigma associated with the use of extensions by any application, project, or standard - regardless of the institution or jurisdiction that uses or defines the extensions.  The use of extensions is what allows the FHIR specification to retain a core simplicity for everyone."/>
        <synonym value="extensions"/>
        <synonym value="user content"/>
        <min value="0"/>
        <max value="*"/>
        <type>
          <code value="Extension"/>
        </type>
        <isModifier value="false"/>
      </definition>
    </element>
    <element>
      <path value="Availability.authorDate"/>
      <definition>
        <short value="When this availability was created, or last revised"/>
        <formal value="When this availability was created, or last revised."/>
        <min value="0"/>
        <max value="1"/>
        <type>
          <code value="dateTime"/>
        </type>
        <isModifier value="false"/>
        <mapping>
          <identity value="ical"/>
          <map value="DTSTAMP:19970901T083000Z
(Server may consider updating this date to the latest date on the slots)"/>
        </mapping>
      </definition>
    </element>
    <element>
      <path value="Availability.authorDate.extension"/>
      <definition>
        <short value="Additional Content defined by implementations"/>
        <formal value="May be used to represent additional information that is not part of the basic definition of the resource. In order to make the use of extensions safe and manageable, there is a strict governance applied to the definition and use of extensions. Though any implementer is allowed to define an extension, there is a set of requirements that SHALL be met as part of the definition of the extension."/>
        <comments value="there can be no stigma associated with the use of extensions by any application, project, or standard - regardless of the institution or jurisdiction that uses or defines the extensions.  The use of extensions is what allows the FHIR specification to retain a core simplicity for everyone."/>
        <synonym value="extensions"/>
        <synonym value="user content"/>
        <min value="0"/>
        <max value="*"/>
        <type>
          <code value="Extension"/>
        </type>
        <isModifier value="false"/>
      </definition>
    </element>
  </structure>
</Profile>