<?xml version="1.0" encoding="UTF-8"?>

<Profile xmlns="http://hl7.org/fhir">
  <text>
    <status value="generated"/><div xmlns="http://www.w3.org/1999/xhtml"><pre>
&lt;<a title="A scheduled appointment for a patient and/or practitioner(s) where a service may take place." class="dict" href="appointment-definitions.html#Appointment"><b>Appointment</b></a> xmlns=&quot;http://hl7.org/fhir&quot;&gt; <span style="float: right"><a title="Documentation for this format" href="formats.html"><img alt="doco" src="help.png"/></a></span>
 &lt;!-- from <a href="resources.html">Resource</a>: <a href="extensibility.html">extension</a>, <a href="extensibility.html#modifierExtension">modifierExtension</a>, language, <a href="narrative.html#Narrative">text</a>, and <a href="references.html#contained">contained</a> --&gt;
 &lt;<a title="This records identifiers associated with this appointment concern that are defined by business processed and/ or used to refer to it when a direct URL reference to the resource itself is not appropriate (e.g. in CDA documents, or in written / printed documentation)." class="dict" href="appointment-definitions.html#Appointment.identifier"><b>identifier</b></a>&gt;<span style="color: Gray">&lt;!--</span> <span style="color: brown"><b>0..*</b></span> <span style="color: darkgreen"><a href="datatypes.html#Identifier">Identifier</a></span> <span style="color: navy">External Ids for this item</span><span style="color: Gray"> --&gt;</span>&lt;/identifier&gt;
 &lt;<a title="The priority of the appointment. Can be used to make informed decisions if needing to re-prioritize appointments. (The iCal Standard specifies 0 as undefined, 1 as highest, 9 as lowest priority) (Need to change back to CodeableConcept)." class="dict" href="appointment-definitions.html#Appointment.priority"><b>priority</b></a> value=&quot;[<span style="color: darkgreen"><a href="datatypes.html#integer">integer</a></span>]&quot;/&gt;<span style="color: Gray">&lt;!--</span> <span style="color: brown"><b>0..1</b></span> <span style="color: navy">
     The priority of the appointment. Can be used to make informed decisions if needing to re-prioritize appointments. (The iCal Standard specifies 0 as undefined, 1 as highest, 9 as lowest priority) (Need to change back to CodeableConcept)</span><span style="color: Gray"> --&gt;</span>
 &lt;<a title="Each of the participants has their own participation status which indicates their involvement in the process, however this status indicates the shared status." class="dict" href="appointment-definitions.html#Appointment.status"><b>status</b></a> value=&quot;[<span style="color: darkgreen"><a href="datatypes.html#code">code</a></span>]&quot;/&gt;<span style="color: Gray">&lt;!--</span> <span style="color: brown"><b>0..1</b></span> <a style="color: navy" href="v3/ActStatus/index.html">The overall status of the Appointment</a><span style="color: Gray"> --&gt;</span>
 &lt;<a title="The brief description of the appointment as would be shown on a subject line in a meeting request, or appointment list. Detailed or expanded information should be put in the comment field." class="dict" href="appointment-definitions.html#Appointment.description"><b>description</b></a> value=&quot;[<span style="color: darkgreen"><a href="datatypes.html#string">string</a></span>]&quot;/&gt;<span style="color: Gray">&lt;!--</span> <span style="color: brown"><b>0..1</b></span> <span style="color: navy">
     The brief description of the appointment as would be shown on a subject line in a meeting request, or appointment list. Detailed or expanded information should be put in the comment field</span><span style="color: Gray"> --&gt;</span>
 &lt;<a title="Date/Time that the appointment is to take place." class="dict" href="appointment-definitions.html#Appointment.start"><b>start</b></a> value=&quot;[<span style="color: darkgreen"><a href="datatypes.html#instant">instant</a></span>]&quot;/&gt;<span style="color: Gray">&lt;!--</span> <span style="color: brown"><b>1..1</b></span> <span style="color: navy">Date/Time that the appointment is to take place</span><span style="color: Gray"> --&gt;</span>
 &lt;<a title="Date/Time that the appointment is to conclude." class="dict" href="appointment-definitions.html#Appointment.end"><b>end</b></a> value=&quot;[<span style="color: darkgreen"><a href="datatypes.html#instant">instant</a></span>]&quot;/&gt;<span style="color: Gray">&lt;!--</span> <span style="color: brown"><b>1..1</b></span> <span style="color: navy">Date/Time that the appointment is to conclude</span><span style="color: Gray"> --&gt;</span>
 &lt;<a title="The recurrence schedule for the appointment. The end date in the schedule marks the end of the recurrence(s), not the end of an individual appointment." class="dict" href="appointment-definitions.html#Appointment.schedule"><b>schedule</b></a>&gt;<span style="color: Gray">&lt;!--</span> <span style="color: brown"><b>0..1</b></span> <span style="color: darkgreen"><a href="datatypes.html#Schedule">Schedule</a></span> <span style="color: navy">
     The recurrence schedule for the appointment. The end date in the schedule marks the end of the recurrence(s), not the end of an individual appointment</span><span style="color: Gray"> --&gt;</span>&lt;/schedule&gt;
 &lt;<a title="The timezone should be a value referenced from a timezone database." class="dict" href="appointment-definitions.html#Appointment.timezone"><b>timezone</b></a> value=&quot;[<span style="color: darkgreen"><a href="datatypes.html#string">string</a></span>]&quot;/&gt;<span style="color: Gray">&lt;!--</span> <span style="color: brown"><b>0..1</b></span> <span style="color: navy">
     The timezone that the times are to be converted to. Required for recurring appointments to remain accurate where the schedule makes the appointment cross a daylight saving boundry</span><span style="color: Gray"> --&gt;</span>
 &lt;<a title="The slot that this appointment is filling. If provided then the schedule will not be provided as slots are not recursive, and the start/end values MUST be the same as from the slot." class="dict" href="appointment-definitions.html#Appointment.slot"><b>slot</b></a>&gt;<span style="color: Gray">&lt;!--</span> <span style="color: brown"><b>0..*</b></span> <span style="color: darkgreen"><a href="references.html#Resource">Resource</a>(<a href="slot.html#Slot">Slot</a>)</span> <span style="color: navy">
     The slot that this appointment is filling. If provided then the schedule will not be provided as slots are not recursive, and the start/end values MUST be the same as from the slot</span><span style="color: Gray"> --&gt;</span>&lt;/slot&gt;
 &lt;<a title="The primary location that this appointment is to take place." class="dict" href="appointment-definitions.html#Appointment.location"><b>location</b></a>&gt;<span style="color: Gray">&lt;!--</span> <span style="color: brown"><b>0..1</b></span> <span style="color: darkgreen"><a href="references.html#Resource">Resource</a>(<a href="location.html#Location">Location</a>)</span> <span style="color: navy">
     The primary location that this appointment is to take place</span><span style="color: Gray"> --&gt;</span>&lt;/location&gt;
 &lt;<a title="Additional comments about the appointment." class="dict" href="appointment-definitions.html#Appointment.comment"><b>comment</b></a> value=&quot;[<span style="color: darkgreen"><a href="datatypes.html#string">string</a></span>]&quot;/&gt;<span style="color: Gray">&lt;!--</span> <span style="color: brown"><b>0..1</b></span> <span style="color: navy">Additional comments about the appointment</span><span style="color: Gray"> --&gt;</span>
 &lt;<a title="An Order that lead to the creation of this appointment." class="dict" href="appointment-definitions.html#Appointment.order"><b>order</b></a>&gt;<span style="color: Gray">&lt;!--</span> <span style="color: brown"><b>0..1</b></span> <span style="color: darkgreen"><a href="references.html#Resource">Resource</a>(<a href="order.html#Order">Order</a>)</span> <span style="color: navy">An Order that lead to the creation of this appointment</span><span style="color: Gray"> --&gt;</span>&lt;/order&gt;
 &lt;<a title="List of participants involved in the appointment." class="dict" href="appointment-definitions.html#Appointment.participant"><b>participant</b></a>&gt;  <span style="color: Gray">&lt;!-- <span style="color: brown"><b>0..*</b></span> List of participants involved in the appointment --&gt;</span>
  &lt;<a title="Role of participant in the appointment." class="dict" href="appointment-definitions.html#Appointment.participant.type"><b>type</b></a>&gt;<span style="color: Gray">&lt;!--</span> <span style="color: brown"><b>0..*</b></span> <span style="color: darkgreen"><a href="datatypes.html#CodeableConcept">CodeableConcept</a></span> <span style="color: navy"><a style="color: navy" href="valueset-encounter-participant-type.html">Role of participant in the appointment</a></span><span style="color: Gray"> --&gt;</span>&lt;/type&gt;
  &lt;<a title="A Person of device that is participating in the appointment." class="dict" href="appointment-definitions.html#Appointment.participant.individual"><b>individual</b></a>&gt;<span style="color: Gray">&lt;!--</span> <span style="color: brown"><b>0..*</b></span> <span style="color: darkgreen"><a href="references.html#Resource">Resource</a>(<a href="practitioner.html#Practitioner">Practitioner</a>|<a href="patient.html#Patient">Patient</a>|<a href="relatedperson.html#RelatedPerson">RelatedPerson</a>|<a href="device.html#Device">Device</a>)</span> <span style="color: navy">
      A Person of device that is participating in the appointment</span><span style="color: Gray"> --&gt;</span>&lt;/individual&gt;
  &lt;<a title="Is this participant required to be present at the meeting. This covers a use-case where 2 doctors need to meet to discuss the results for a specific patient, and the patient is not required to be present." class="dict" href="appointment-definitions.html#Appointment.participant.required"><b>required</b></a> value=&quot;[<span style="color: darkgreen"><a href="datatypes.html#code">code</a></span>]&quot;/&gt;<span style="color: Gray">&lt;!--</span> <span style="color: brown"><b>0..1</b></span> <span style="color: navy"><a style="color: navy" href="participantrequired.html">required | optional | information-only</a></span><span style="color: Gray"> --&gt;</span>
  &lt;<a title="Participation status of the Patient." class="dict" href="appointment-definitions.html#Appointment.participant.status"><b>status</b></a> value=&quot;[<span style="color: darkgreen"><a href="datatypes.html#code">code</a></span>]&quot;/&gt;<span style="color: Gray">&lt;!--</span> <span style="color: brown"><b>1..1</b></span> <span style="color: navy"><a style="color: navy" href="participationstatus.html">accepted | declined | tentative | in-process | completed | needs-action</a></span><span style="color: Gray"> --&gt;</span>
  &lt;<a title="Observations that lead to the creation of this appointment. (Is this 80%)." class="dict" href="appointment-definitions.html#Appointment.participant.observation"><b>observation</b></a>&gt;<span style="color: Gray">&lt;!--</span> <span style="color: brown"><b>0..*</b></span> <span style="color: darkgreen"><a href="references.html#Resource">Resource</a>(<a href="observation.html#Observation">Observation</a>)</span> <span style="color: navy">
      Observations that lead to the creation of this appointment. (Is this 80%)</span><span style="color: Gray"> --&gt;</span>&lt;/observation&gt;
 &lt;/participant&gt;
 &lt;<a title="Who recorded the appointment." class="dict" href="appointment-definitions.html#Appointment.recorder"><b>recorder</b></a>&gt;<span style="color: Gray">&lt;!--</span> <span style="color: brown"><b>0..1</b></span> <span style="color: darkgreen"><a href="references.html#Resource">Resource</a>(<a href="practitioner.html#Practitioner">Practitioner</a>|<a href="patient.html#Patient">Patient</a>|<a href="relatedperson.html#RelatedPerson">RelatedPerson</a>)</span> <span style="color: navy">
     Who recorded the appointment</span><span style="color: Gray"> --&gt;</span>&lt;/recorder&gt;
 &lt;<a title="Date when the sensitivity was recorded." class="dict" href="appointment-definitions.html#Appointment.recordedDate"><b>recordedDate</b></a> value=&quot;[<span style="color: darkgreen"><a href="datatypes.html#dateTime">dateTime</a></span>]&quot;/&gt;<span style="color: Gray">&lt;!--</span> <span style="color: brown"><b>0..1</b></span> <span style="color: navy">Date when the sensitivity was recorded</span><span style="color: Gray"> --&gt;</span>
&lt;/Appointment&gt;
</pre></div>
  </text>
  <name value="appointment"/>
  <publisher value="FHIR Project"/>
  <description value="Basic Profile. A scheduled appointment for a patient and/or practitioner(s) where a service may take place."/>
  <status value="draft"/>
  <date value="2014-01-22"/>
  <requirements value="Scope and Usage Appointment resources are used to provide information about a planned meeting that may be in the future or past. They may be for a single meeting or for a series of repeating visits. Examples include a scheduled surgery, a follow-up for a clinical visit, a scheduled conference call between clinicians to discuss a case, the reservation of a piece of diagnostic equipment for a particular use, etc. The visit scheduled by an appointment may be in person or remote (by phone, video conference, etc.) All that matters is that the time and usage of one or more individuals, locations and/or pieces of equipment is being fully or partially reserved for a designated period of time. 

This definition takes the concepts of appointments in a clinical setting and also extends them to be relevant in the community healthcare space, and also ease exposure to other appointment / calendar standards widely used outside of Healthcare."/>
  <mapping>
    <identity value="ical"/>
    <uri value="http://www.ietf.org/rfc/rfc2445.txt"/>
    <name value="iCalendar"/>
  </mapping>
  <mapping>
    <identity value="rim"/>
    <uri value="http://hl7.org/v3"/>
    <name value="RIM"/>
  </mapping>
  <mapping>
    <identity value="v2"/>
    <uri value="http://hl7.org/v2"/>
    <name value="HL7 v2"/>
  </mapping>
  <structure>
    <type value="Appointment"/>
    <publish value="true"/>
    <element>
      <path value="Appointment"/>
      <definition>
        <short value="(informative) A scheduled appointment for a patient and/or practitioner(s) where a service may take place"/>
        <formal value="A scheduled appointment for a patient and/or practitioner(s) where a service may take place."/>
        <min value="1"/>
        <max value="1"/>
        <type>
          <code value="Resource"/>
        </type>
        <isModifier value="false"/>
        <mapping>
          <identity value="ical"/>
          <map value="VEVENT"/>
        </mapping>
      </definition>
    </element>
    <element>
      <path value="Appointment.extension"/>
      <definition>
        <short value="Additional Content defined by implementations"/>
        <formal value="May be used to represent additional information that is not part of the basic definition of the resource. In order to make the use of extensions safe and manageable, there is a strict governance applied to the definition and use of extensions. Though any implementer is allowed to define an extension, there is a set of requirements that SHALL be met as part of the definition of the extension."/>
        <comments value="there can be no stigma associated with the use of extensions by any application, project, or standard - regardless of the institution or jurisdiction that uses or defines the extensions.  The use of extensions is what allows the FHIR specification to retain a core simplicity for everyone."/>
        <synonym value="extensions"/>
        <synonym value="user content"/>
        <min value="0"/>
        <max value="*"/>
        <type>
          <code value="Extension"/>
        </type>
        <isModifier value="false"/>
      </definition>
    </element>
    <element>
      <path value="Appointment.modifierExtension"/>
      <definition>
        <short value="Extensions that cannot be ignored"/>
        <formal value="May be used to represent additional information that is not part of the basic definition of the resource, and that modifies the understanding of the element that contains it. Usually modifier elements provide negation or qualification. In order to make the use of extensions safe and manageable, there is a strict governance applied to the definition and use of extensions. Though any implementer is allowed to define an extension, there is a set of requirements that SHALL be met as part of the definition of the extension. Applications processing a resource are required to check for modifier extensions."/>
        <comments value="there can be no stigma associated with the use of extensions by any application, project, or standard - regardless of the institution or jurisdiction that uses or defines the extensions.  The use of extensions is what allows the FHIR specification to retain a core simplicity for everyone."/>
        <synonym value="extensions"/>
        <synonym value="user content"/>
        <min value="0"/>
        <max value="*"/>
        <type>
          <code value="Extension"/>
        </type>
        <isModifier value="false"/>
      </definition>
    </element>
    <element>
      <path value="Appointment.text"/>
      <definition>
        <short value="Text summary of the resource, for human interpretation"/>
        <formal value="A human-readable narrative that contains a summary of the resource, and may be used to represent the content of the resource to a human. The narrative need not encode all the structured data, but is required to contain sufficient detail to make it &quot;clinically safe&quot; for a human to just read the narrative. Resource definitions may define what content should be represented in the narrative to ensure clinical safety."/>
        <comments value="Contained resources do not have narrative. Resources that are not contained SHOULD have a narrative."/>
        <synonym value="narrative"/>
        <synonym value="html"/>
        <synonym value="xhtml"/>
        <synonym value="display"/>
        <min value="0"/>
        <max value="1"/>
        <type>
          <code value="Narrative"/>
        </type>
        <isModifier value="false"/>
      </definition>
    </element>
    <element>
      <path value="Appointment.contained"/>
      <definition>
        <short value="Contained, inline Resources"/>
        <formal value="These resources do not have an independent existence apart from the resource that contains them - they cannot be identified independently, and nor can they have their own independent transaction scope."/>
        <comments value="This should never be done when the content can be identified properly, as once identification is lost, it is extremely difficult (and context dependent) to restore it again."/>
        <synonym value="inline resources"/>
        <synonym value="anonymous resources"/>
        <synonym value="contained resources"/>
        <min value="0"/>
        <max value="*"/>
        <type>
          <code value="Resource"/>
        </type>
        <isModifier value="false"/>
      </definition>
    </element>
    <element>
      <path value="Appointment.identifier"/>
      <definition>
        <short value="External Ids for this item"/>
        <formal value="This records identifiers associated with this appointment concern that are defined by business processed and/ or used to refer to it when a direct URL reference to the resource itself is not appropriate (e.g. in CDA documents, or in written / printed documentation)."/>
        <min value="0"/>
        <max value="*"/>
        <type>
          <code value="Identifier"/>
        </type>
        <isModifier value="false"/>
        <mapping>
          <identity value="rim"/>
          <map value=".id"/>
        </mapping>
        <mapping>
          <identity value="ical"/>
          <map value="UID"/>
        </mapping>
      </definition>
    </element>
    <element>
      <path value="Appointment.identifier.extension"/>
      <definition>
        <short value="Additional Content defined by implementations"/>
        <formal value="May be used to represent additional information that is not part of the basic definition of the resource. In order to make the use of extensions safe and manageable, there is a strict governance applied to the definition and use of extensions. Though any implementer is allowed to define an extension, there is a set of requirements that SHALL be met as part of the definition of the extension."/>
        <comments value="there can be no stigma associated with the use of extensions by any application, project, or standard - regardless of the institution or jurisdiction that uses or defines the extensions.  The use of extensions is what allows the FHIR specification to retain a core simplicity for everyone."/>
        <synonym value="extensions"/>
        <synonym value="user content"/>
        <min value="0"/>
        <max value="*"/>
        <type>
          <code value="Extension"/>
        </type>
        <isModifier value="false"/>
      </definition>
    </element>
    <element>
      <path value="Appointment.priority"/>
      <definition>
        <short value="The priority of the appointment. Can be used to make informed decisions if needing to re-prioritize appointments. (The iCal Standard specifies 0 as undefined, 1 as highest, 9 as lowest priority) (Need to change back to CodeableConcept)"/>
        <formal value="The priority of the appointment. Can be used to make informed decisions if needing to re-prioritize appointments. (The iCal Standard specifies 0 as undefined, 1 as highest, 9 as lowest priority) (Need to change back to CodeableConcept)."/>
        <min value="0"/>
        <max value="1"/>
        <type>
          <code value="integer"/>
        </type>
        <isModifier value="false"/>
        <mapping>
          <identity value="ical"/>
          <map value="PRIORITY"/>
        </mapping>
      </definition>
    </element>
    <element>
      <path value="Appointment.priority.extension"/>
      <definition>
        <short value="Additional Content defined by implementations"/>
        <formal value="May be used to represent additional information that is not part of the basic definition of the resource. In order to make the use of extensions safe and manageable, there is a strict governance applied to the definition and use of extensions. Though any implementer is allowed to define an extension, there is a set of requirements that SHALL be met as part of the definition of the extension."/>
        <comments value="there can be no stigma associated with the use of extensions by any application, project, or standard - regardless of the institution or jurisdiction that uses or defines the extensions.  The use of extensions is what allows the FHIR specification to retain a core simplicity for everyone."/>
        <synonym value="extensions"/>
        <synonym value="user content"/>
        <min value="0"/>
        <max value="*"/>
        <type>
          <code value="Extension"/>
        </type>
        <isModifier value="false"/>
      </definition>
    </element>
    <element>
      <path value="Appointment.status"/>
      <definition>
        <short value="The overall status of the Appointment"/>
        <formal value="Each of the participants has their own participation status which indicates their involvement in the process, however this status indicates the shared status."/>
        <min value="0"/>
        <max value="1"/>
        <type>
          <code value="code"/>
        </type>
        <isModifier value="false"/>
        <binding>
          <name value="ActStatus"/>
          <isExtensible value="false"/>
          <conformance value="required"/>
          <referenceResource>
            <reference value="http://hl7.org/fhir/v3/vs/ActStatus"/>
          </referenceResource>
        </binding>
      </definition>
    </element>
    <element>
      <path value="Appointment.status.extension"/>
      <definition>
        <short value="Additional Content defined by implementations"/>
        <formal value="May be used to represent additional information that is not part of the basic definition of the resource. In order to make the use of extensions safe and manageable, there is a strict governance applied to the definition and use of extensions. Though any implementer is allowed to define an extension, there is a set of requirements that SHALL be met as part of the definition of the extension."/>
        <comments value="there can be no stigma associated with the use of extensions by any application, project, or standard - regardless of the institution or jurisdiction that uses or defines the extensions.  The use of extensions is what allows the FHIR specification to retain a core simplicity for everyone."/>
        <synonym value="extensions"/>
        <synonym value="user content"/>
        <min value="0"/>
        <max value="*"/>
        <type>
          <code value="Extension"/>
        </type>
        <isModifier value="false"/>
      </definition>
    </element>
    <element>
      <path value="Appointment.description"/>
      <definition>
        <short value="The brief description of the appointment as would be shown on a subject line in a meeting request, or appointment list. Detailed or expanded information should be put in the comment field"/>
        <formal value="The brief description of the appointment as would be shown on a subject line in a meeting request, or appointment list. Detailed or expanded information should be put in the comment field."/>
        <min value="0"/>
        <max value="1"/>
        <type>
          <code value="string"/>
        </type>
        <isModifier value="false"/>
        <mapping>
          <identity value="ical"/>
          <map value="DESCRIPTION"/>
        </mapping>
      </definition>
    </element>
    <element>
      <path value="Appointment.description.extension"/>
      <definition>
        <short value="Additional Content defined by implementations"/>
        <formal value="May be used to represent additional information that is not part of the basic definition of the resource. In order to make the use of extensions safe and manageable, there is a strict governance applied to the definition and use of extensions. Though any implementer is allowed to define an extension, there is a set of requirements that SHALL be met as part of the definition of the extension."/>
        <comments value="there can be no stigma associated with the use of extensions by any application, project, or standard - regardless of the institution or jurisdiction that uses or defines the extensions.  The use of extensions is what allows the FHIR specification to retain a core simplicity for everyone."/>
        <synonym value="extensions"/>
        <synonym value="user content"/>
        <min value="0"/>
        <max value="*"/>
        <type>
          <code value="Extension"/>
        </type>
        <isModifier value="false"/>
      </definition>
    </element>
    <element>
      <path value="Appointment.start"/>
      <definition>
        <short value="Date/Time that the appointment is to take place"/>
        <formal value="Date/Time that the appointment is to take place."/>
        <min value="1"/>
        <max value="1"/>
        <type>
          <code value="instant"/>
        </type>
        <isModifier value="false"/>
      </definition>
    </element>
    <element>
      <path value="Appointment.start.extension"/>
      <definition>
        <short value="Additional Content defined by implementations"/>
        <formal value="May be used to represent additional information that is not part of the basic definition of the resource. In order to make the use of extensions safe and manageable, there is a strict governance applied to the definition and use of extensions. Though any implementer is allowed to define an extension, there is a set of requirements that SHALL be met as part of the definition of the extension."/>
        <comments value="there can be no stigma associated with the use of extensions by any application, project, or standard - regardless of the institution or jurisdiction that uses or defines the extensions.  The use of extensions is what allows the FHIR specification to retain a core simplicity for everyone."/>
        <synonym value="extensions"/>
        <synonym value="user content"/>
        <min value="0"/>
        <max value="*"/>
        <type>
          <code value="Extension"/>
        </type>
        <isModifier value="false"/>
      </definition>
    </element>
    <element>
      <path value="Appointment.end"/>
      <definition>
        <short value="Date/Time that the appointment is to conclude"/>
        <formal value="Date/Time that the appointment is to conclude."/>
        <min value="1"/>
        <max value="1"/>
        <type>
          <code value="instant"/>
        </type>
        <isModifier value="false"/>
      </definition>
    </element>
    <element>
      <path value="Appointment.end.extension"/>
      <definition>
        <short value="Additional Content defined by implementations"/>
        <formal value="May be used to represent additional information that is not part of the basic definition of the resource. In order to make the use of extensions safe and manageable, there is a strict governance applied to the definition and use of extensions. Though any implementer is allowed to define an extension, there is a set of requirements that SHALL be met as part of the definition of the extension."/>
        <comments value="there can be no stigma associated with the use of extensions by any application, project, or standard - regardless of the institution or jurisdiction that uses or defines the extensions.  The use of extensions is what allows the FHIR specification to retain a core simplicity for everyone."/>
        <synonym value="extensions"/>
        <synonym value="user content"/>
        <min value="0"/>
        <max value="*"/>
        <type>
          <code value="Extension"/>
        </type>
        <isModifier value="false"/>
      </definition>
    </element>
    <element>
      <path value="Appointment.schedule"/>
      <definition>
        <short value="The recurrence schedule for the appointment. The end date in the schedule marks the end of the recurrence(s), not the end of an individual appointment"/>
        <formal value="The recurrence schedule for the appointment. The end date in the schedule marks the end of the recurrence(s), not the end of an individual appointment."/>
        <min value="0"/>
        <max value="1"/>
        <type>
          <code value="Schedule"/>
        </type>
        <isModifier value="false"/>
      </definition>
    </element>
    <element>
      <path value="Appointment.schedule.extension"/>
      <definition>
        <short value="Additional Content defined by implementations"/>
        <formal value="May be used to represent additional information that is not part of the basic definition of the resource. In order to make the use of extensions safe and manageable, there is a strict governance applied to the definition and use of extensions. Though any implementer is allowed to define an extension, there is a set of requirements that SHALL be met as part of the definition of the extension."/>
        <comments value="there can be no stigma associated with the use of extensions by any application, project, or standard - regardless of the institution or jurisdiction that uses or defines the extensions.  The use of extensions is what allows the FHIR specification to retain a core simplicity for everyone."/>
        <synonym value="extensions"/>
        <synonym value="user content"/>
        <min value="0"/>
        <max value="*"/>
        <type>
          <code value="Extension"/>
        </type>
        <isModifier value="false"/>
      </definition>
    </element>
    <element>
      <path value="Appointment.timezone"/>
      <definition>
        <short value="The timezone that the times are to be converted to. Required for recurring appointments to remain accurate where the schedule makes the appointment cross a daylight saving boundry"/>
        <formal value="The timezone should be a value referenced from a timezone database."/>
        <min value="0"/>
        <max value="1"/>
        <type>
          <code value="string"/>
        </type>
        <isModifier value="false"/>
      </definition>
    </element>
    <element>
      <path value="Appointment.timezone.extension"/>
      <definition>
        <short value="Additional Content defined by implementations"/>
        <formal value="May be used to represent additional information that is not part of the basic definition of the resource. In order to make the use of extensions safe and manageable, there is a strict governance applied to the definition and use of extensions. Though any implementer is allowed to define an extension, there is a set of requirements that SHALL be met as part of the definition of the extension."/>
        <comments value="there can be no stigma associated with the use of extensions by any application, project, or standard - regardless of the institution or jurisdiction that uses or defines the extensions.  The use of extensions is what allows the FHIR specification to retain a core simplicity for everyone."/>
        <synonym value="extensions"/>
        <synonym value="user content"/>
        <min value="0"/>
        <max value="*"/>
        <type>
          <code value="Extension"/>
        </type>
        <isModifier value="false"/>
      </definition>
    </element>
    <element>
      <path value="Appointment.slot"/>
      <definition>
        <short value="The slot that this appointment is filling. If provided then the schedule will not be provided as slots are not recursive, and the start/end values MUST be the same as from the slot"/>
        <formal value="The slot that this appointment is filling. If provided then the schedule will not be provided as slots are not recursive, and the start/end values MUST be the same as from the slot."/>
        <min value="0"/>
        <max value="*"/>
        <type>
          <code value="Resource(Slot)"/>
        </type>
        <isModifier value="false"/>
      </definition>
    </element>
    <element>
      <path value="Appointment.slot.extension"/>
      <definition>
        <short value="Additional Content defined by implementations"/>
        <formal value="May be used to represent additional information that is not part of the basic definition of the resource. In order to make the use of extensions safe and manageable, there is a strict governance applied to the definition and use of extensions. Though any implementer is allowed to define an extension, there is a set of requirements that SHALL be met as part of the definition of the extension."/>
        <comments value="there can be no stigma associated with the use of extensions by any application, project, or standard - regardless of the institution or jurisdiction that uses or defines the extensions.  The use of extensions is what allows the FHIR specification to retain a core simplicity for everyone."/>
        <synonym value="extensions"/>
        <synonym value="user content"/>
        <min value="0"/>
        <max value="*"/>
        <type>
          <code value="Extension"/>
        </type>
        <isModifier value="false"/>
      </definition>
    </element>
    <element>
      <path value="Appointment.location"/>
      <definition>
        <short value="The primary location that this appointment is to take place"/>
        <formal value="The primary location that this appointment is to take place."/>
        <min value="0"/>
        <max value="1"/>
        <type>
          <code value="Resource(Location)"/>
        </type>
        <isModifier value="false"/>
      </definition>
    </element>
    <element>
      <path value="Appointment.location.extension"/>
      <definition>
        <short value="Additional Content defined by implementations"/>
        <formal value="May be used to represent additional information that is not part of the basic definition of the resource. In order to make the use of extensions safe and manageable, there is a strict governance applied to the definition and use of extensions. Though any implementer is allowed to define an extension, there is a set of requirements that SHALL be met as part of the definition of the extension."/>
        <comments value="there can be no stigma associated with the use of extensions by any application, project, or standard - regardless of the institution or jurisdiction that uses or defines the extensions.  The use of extensions is what allows the FHIR specification to retain a core simplicity for everyone."/>
        <synonym value="extensions"/>
        <synonym value="user content"/>
        <min value="0"/>
        <max value="*"/>
        <type>
          <code value="Extension"/>
        </type>
        <isModifier value="false"/>
      </definition>
    </element>
    <element>
      <path value="Appointment.comment"/>
      <definition>
        <short value="Additional comments about the appointment"/>
        <formal value="Additional comments about the appointment."/>
        <min value="0"/>
        <max value="1"/>
        <type>
          <code value="string"/>
        </type>
        <isModifier value="false"/>
        <mapping>
          <identity value="ical"/>
          <map value="COMMENT"/>
        </mapping>
      </definition>
    </element>
    <element>
      <path value="Appointment.comment.extension"/>
      <definition>
        <short value="Additional Content defined by implementations"/>
        <formal value="May be used to represent additional information that is not part of the basic definition of the resource. In order to make the use of extensions safe and manageable, there is a strict governance applied to the definition and use of extensions. Though any implementer is allowed to define an extension, there is a set of requirements that SHALL be met as part of the definition of the extension."/>
        <comments value="there can be no stigma associated with the use of extensions by any application, project, or standard - regardless of the institution or jurisdiction that uses or defines the extensions.  The use of extensions is what allows the FHIR specification to retain a core simplicity for everyone."/>
        <synonym value="extensions"/>
        <synonym value="user content"/>
        <min value="0"/>
        <max value="*"/>
        <type>
          <code value="Extension"/>
        </type>
        <isModifier value="false"/>
      </definition>
    </element>
    <element>
      <path value="Appointment.order"/>
      <definition>
        <short value="An Order that lead to the creation of this appointment"/>
        <formal value="An Order that lead to the creation of this appointment."/>
        <min value="0"/>
        <max value="1"/>
        <type>
          <code value="Resource(Order)"/>
        </type>
        <isModifier value="false"/>
      </definition>
    </element>
    <element>
      <path value="Appointment.order.extension"/>
      <definition>
        <short value="Additional Content defined by implementations"/>
        <formal value="May be used to represent additional information that is not part of the basic definition of the resource. In order to make the use of extensions safe and manageable, there is a strict governance applied to the definition and use of extensions. Though any implementer is allowed to define an extension, there is a set of requirements that SHALL be met as part of the definition of the extension."/>
        <comments value="there can be no stigma associated with the use of extensions by any application, project, or standard - regardless of the institution or jurisdiction that uses or defines the extensions.  The use of extensions is what allows the FHIR specification to retain a core simplicity for everyone."/>
        <synonym value="extensions"/>
        <synonym value="user content"/>
        <min value="0"/>
        <max value="*"/>
        <type>
          <code value="Extension"/>
        </type>
        <isModifier value="false"/>
      </definition>
    </element>
    <element>
      <path value="Appointment.participant"/>
      <definition>
        <short value="List of participants involved in the appointment"/>
        <formal value="List of participants involved in the appointment."/>
        <min value="0"/>
        <max value="*"/>
        <isModifier value="false"/>
        <mapping>
          <identity value="ical"/>
          <map value="ATTENDEE component to be created"/>
        </mapping>
      </definition>
    </element>
    <element>
      <path value="Appointment.participant.modifierExtension"/>
      <definition>
        <short value="Extensions that cannot be ignored"/>
        <formal value="May be used to represent additional information that is not part of the basic definition of the resource, and that modifies the understanding of the element that contains it. Usually modifier elements provide negation or qualification. In order to make the use of extensions safe and manageable, there is a strict governance applied to the definition and use of extensions. Though any implementer is allowed to define an extension, there is a set of requirements that SHALL be met as part of the definition of the extension. Applications processing a resource are required to check for modifier extensions."/>
        <comments value="there can be no stigma associated with the use of extensions by any application, project, or standard - regardless of the institution or jurisdiction that uses or defines the extensions.  The use of extensions is what allows the FHIR specification to retain a core simplicity for everyone."/>
        <synonym value="extensions"/>
        <synonym value="user content"/>
        <min value="0"/>
        <max value="*"/>
        <type>
          <code value="Extension"/>
        </type>
        <isModifier value="false"/>
      </definition>
    </element>
    <element>
      <path value="Appointment.participant.type"/>
      <definition>
        <short value="Role of participant in the appointment"/>
        <formal value="Role of participant in the appointment."/>
        <min value="0"/>
        <max value="*"/>
        <type>
          <code value="CodeableConcept"/>
        </type>
        <isModifier value="false"/>
        <binding>
          <name value="ParticipantType"/>
          <isExtensible value="true"/>
          <conformance value="preferred"/>
          <referenceResource>
            <reference value="http://hl7.org/fhir/vs/encounter-participant-type"/>
          </referenceResource>
        </binding>
        <mapping>
          <identity value="ical"/>
          <map value="n/a"/>
        </mapping>
      </definition>
    </element>
    <element>
      <path value="Appointment.participant.type.extension"/>
      <definition>
        <short value="Additional Content defined by implementations"/>
        <formal value="May be used to represent additional information that is not part of the basic definition of the resource. In order to make the use of extensions safe and manageable, there is a strict governance applied to the definition and use of extensions. Though any implementer is allowed to define an extension, there is a set of requirements that SHALL be met as part of the definition of the extension."/>
        <comments value="there can be no stigma associated with the use of extensions by any application, project, or standard - regardless of the institution or jurisdiction that uses or defines the extensions.  The use of extensions is what allows the FHIR specification to retain a core simplicity for everyone."/>
        <synonym value="extensions"/>
        <synonym value="user content"/>
        <min value="0"/>
        <max value="*"/>
        <type>
          <code value="Extension"/>
        </type>
        <isModifier value="false"/>
      </definition>
    </element>
    <element>
      <path value="Appointment.participant.individual"/>
      <definition>
        <short value="A Person of device that is participating in the appointment"/>
        <formal value="A Person of device that is participating in the appointment."/>
        <comments value="Should this be multiple? And move to a child enitity."/>
        <min value="0"/>
        <max value="*"/>
        <type>
          <code value="Resource(Practitioner|Patient|RelatedPerson|Device)"/>
        </type>
        <isModifier value="false"/>
        <mapping>
          <identity value="v2"/>
          <map value="PID-3-Patient ID List"/>
        </mapping>
        <mapping>
          <identity value="ical"/>
          <map value="ATTENDEE: (Need to provide the common name CN and also the MAILTO properties from the practitioner resource)"/>
        </mapping>
      </definition>
    </element>
    <element>
      <path value="Appointment.participant.individual.extension"/>
      <definition>
        <short value="Additional Content defined by implementations"/>
        <formal value="May be used to represent additional information that is not part of the basic definition of the resource. In order to make the use of extensions safe and manageable, there is a strict governance applied to the definition and use of extensions. Though any implementer is allowed to define an extension, there is a set of requirements that SHALL be met as part of the definition of the extension."/>
        <comments value="there can be no stigma associated with the use of extensions by any application, project, or standard - regardless of the institution or jurisdiction that uses or defines the extensions.  The use of extensions is what allows the FHIR specification to retain a core simplicity for everyone."/>
        <synonym value="extensions"/>
        <synonym value="user content"/>
        <min value="0"/>
        <max value="*"/>
        <type>
          <code value="Extension"/>
        </type>
        <isModifier value="false"/>
      </definition>
    </element>
    <element>
      <path value="Appointment.participant.required"/>
      <definition>
        <short value="required | optional | information-only"/>
        <formal value="Is this participant required to be present at the meeting. This covers a use-case where 2 doctors need to meet to discuss the results for a specific patient, and the patient is not required to be present."/>
        <min value="0"/>
        <max value="1"/>
        <type>
          <code value="code"/>
        </type>
        <isModifier value="false"/>
        <binding>
          <name value="ParticipantRequired"/>
          <isExtensible value="false"/>
          <conformance value="required"/>
          <referenceResource>
            <reference value="http://hl7.org/fhir/vs/participantrequired"/>
          </referenceResource>
        </binding>
        <mapping>
          <identity value="ical"/>
          <map value="ROLE=REQ-PARTICIPANT (roleparam)"/>
        </mapping>
      </definition>
    </element>
    <element>
      <path value="Appointment.participant.required.extension"/>
      <definition>
        <short value="Additional Content defined by implementations"/>
        <formal value="May be used to represent additional information that is not part of the basic definition of the resource. In order to make the use of extensions safe and manageable, there is a strict governance applied to the definition and use of extensions. Though any implementer is allowed to define an extension, there is a set of requirements that SHALL be met as part of the definition of the extension."/>
        <comments value="there can be no stigma associated with the use of extensions by any application, project, or standard - regardless of the institution or jurisdiction that uses or defines the extensions.  The use of extensions is what allows the FHIR specification to retain a core simplicity for everyone."/>
        <synonym value="extensions"/>
        <synonym value="user content"/>
        <min value="0"/>
        <max value="*"/>
        <type>
          <code value="Extension"/>
        </type>
        <isModifier value="false"/>
      </definition>
    </element>
    <element>
      <path value="Appointment.participant.status"/>
      <definition>
        <short value="accepted | declined | tentative | in-process | completed | needs-action"/>
        <formal value="Participation status of the Patient."/>
        <min value="1"/>
        <max value="1"/>
        <type>
          <code value="code"/>
        </type>
        <isModifier value="false"/>
        <binding>
          <name value="ParticipationStatus"/>
          <isExtensible value="false"/>
          <conformance value="required"/>
          <referenceResource>
            <reference value="http://hl7.org/fhir/vs/participationstatus"/>
          </referenceResource>
        </binding>
        <mapping>
          <identity value="ical"/>
          <map value="ATTENDEE;CN=&quot;Brian Postlethwaite&quot;;RSVP=TRUE:mailto:BPostlethwaite@data.com (rsvpparam | partstatparam)"/>
        </mapping>
      </definition>
    </element>
    <element>
      <path value="Appointment.participant.status.extension"/>
      <definition>
        <short value="Additional Content defined by implementations"/>
        <formal value="May be used to represent additional information that is not part of the basic definition of the resource. In order to make the use of extensions safe and manageable, there is a strict governance applied to the definition and use of extensions. Though any implementer is allowed to define an extension, there is a set of requirements that SHALL be met as part of the definition of the extension."/>
        <comments value="there can be no stigma associated with the use of extensions by any application, project, or standard - regardless of the institution or jurisdiction that uses or defines the extensions.  The use of extensions is what allows the FHIR specification to retain a core simplicity for everyone."/>
        <synonym value="extensions"/>
        <synonym value="user content"/>
        <min value="0"/>
        <max value="*"/>
        <type>
          <code value="Extension"/>
        </type>
        <isModifier value="false"/>
      </definition>
    </element>
    <element>
      <path value="Appointment.participant.observation"/>
      <definition>
        <short value="Observations that lead to the creation of this appointment. (Is this 80%)"/>
        <formal value="Observations that lead to the creation of this appointment. (Is this 80%)."/>
        <min value="0"/>
        <max value="*"/>
        <type>
          <code value="Resource(Observation)"/>
        </type>
        <isModifier value="false"/>
        <mapping>
          <identity value="v2"/>
          <map value="OBX-21-Observation Instance Identifier
(Subject to Ch7 caveats)"/>
        </mapping>
      </definition>
    </element>
    <element>
      <path value="Appointment.participant.observation.extension"/>
      <definition>
        <short value="Additional Content defined by implementations"/>
        <formal value="May be used to represent additional information that is not part of the basic definition of the resource. In order to make the use of extensions safe and manageable, there is a strict governance applied to the definition and use of extensions. Though any implementer is allowed to define an extension, there is a set of requirements that SHALL be met as part of the definition of the extension."/>
        <comments value="there can be no stigma associated with the use of extensions by any application, project, or standard - regardless of the institution or jurisdiction that uses or defines the extensions.  The use of extensions is what allows the FHIR specification to retain a core simplicity for everyone."/>
        <synonym value="extensions"/>
        <synonym value="user content"/>
        <min value="0"/>
        <max value="*"/>
        <type>
          <code value="Extension"/>
        </type>
        <isModifier value="false"/>
      </definition>
    </element>
    <element>
      <path value="Appointment.recorder"/>
      <definition>
        <short value="Who recorded the appointment"/>
        <formal value="Who recorded the appointment."/>
        <min value="0"/>
        <max value="1"/>
        <type>
          <code value="Resource(Practitioner|Patient|RelatedPerson)"/>
        </type>
        <isModifier value="false"/>
        <mapping>
          <identity value="v2"/>
          <map value="IAM-14-Reported By (if patient) / IAM-18-Statused By Person (if practitioner)"/>
        </mapping>
      </definition>
    </element>
    <element>
      <path value="Appointment.recorder.extension"/>
      <definition>
        <short value="Additional Content defined by implementations"/>
        <formal value="May be used to represent additional information that is not part of the basic definition of the resource. In order to make the use of extensions safe and manageable, there is a strict governance applied to the definition and use of extensions. Though any implementer is allowed to define an extension, there is a set of requirements that SHALL be met as part of the definition of the extension."/>
        <comments value="there can be no stigma associated with the use of extensions by any application, project, or standard - regardless of the institution or jurisdiction that uses or defines the extensions.  The use of extensions is what allows the FHIR specification to retain a core simplicity for everyone."/>
        <synonym value="extensions"/>
        <synonym value="user content"/>
        <min value="0"/>
        <max value="*"/>
        <type>
          <code value="Extension"/>
        </type>
        <isModifier value="false"/>
      </definition>
    </element>
    <element>
      <path value="Appointment.recordedDate"/>
      <definition>
        <short value="Date when the sensitivity was recorded"/>
        <formal value="Date when the sensitivity was recorded."/>
        <min value="0"/>
        <max value="1"/>
        <type>
          <code value="dateTime"/>
        </type>
        <isModifier value="false"/>
        <mapping>
          <identity value="v2"/>
          <map value="IAM-20-Statused at Date/Time"/>
        </mapping>
        <mapping>
          <identity value="ical"/>
          <map value="DTSTAMP"/>
        </mapping>
      </definition>
    </element>
    <element>
      <path value="Appointment.recordedDate.extension"/>
      <definition>
        <short value="Additional Content defined by implementations"/>
        <formal value="May be used to represent additional information that is not part of the basic definition of the resource. In order to make the use of extensions safe and manageable, there is a strict governance applied to the definition and use of extensions. Though any implementer is allowed to define an extension, there is a set of requirements that SHALL be met as part of the definition of the extension."/>
        <comments value="there can be no stigma associated with the use of extensions by any application, project, or standard - regardless of the institution or jurisdiction that uses or defines the extensions.  The use of extensions is what allows the FHIR specification to retain a core simplicity for everyone."/>
        <synonym value="extensions"/>
        <synonym value="user content"/>
        <min value="0"/>
        <max value="*"/>
        <type>
          <code value="Extension"/>
        </type>
        <isModifier value="false"/>
      </definition>
    </element>
  </structure>
</Profile>